"(PDH-TSV 4.0) (Iran Standard Time)(-210)"	"\\SALAVATI-989DEF\Memory\Cache Bytes"	"\\SALAVATI-989DEF\Memory\Pool Paged Allocs"	"\\SALAVATI-989DEF\Memory\System Driver Total Bytes"	"\\SALAVATI-989DEF\System\Context Switches/sec"	"\\SALAVATI-989DEF\Thread(_Total/_Total)\Context Switches/sec"
"12/11/2009 14:39:14.850"	"61214720"	"54881"	"3018752"	"1889.0929581046294"	"1348.3335008261693"
"12/11/2009 14:39:15.866"	"60874752"	"54701"	"3018752"	"2102.8649162797046"	"2103.8512506682036"
"12/11/2009 14:39:16.882"	"60923904"	"54716"	"3018752"	"2468.5958393084175"	"2465.641795623565"
"12/11/2009 14:39:17.897"	"60952576"	"54798"	"3018752"	"1426.9800441205036"	"1431.9040608358953"
"12/11/2009 14:39:18.898"	"60571648"	"54649"	"3018752"	"4235.4151546635949"	" "
"12/11/2009 14:39:19.914"	"60641280"	"54734"	"3018752"	"1415.9824594453639"	"1414.9977706696716"
"12/11/2009 14:39:20.930"	"60686336"	"54544"	"3018752"	"523.87528243525026"	"523.87528243525026"
"12/11/2009 14:39:21.945"	"60760064"	"54549"	"3018752"	"1723.2725901347303"	"1718.3489541629169"
"12/11/2009 14:39:22.946"	"60821504"	"54441"	"3018752"	"949.10661192497309"	"939.10548851164356"
"12/11/2009 14:39:23.962"	"60903424"	"54642"	"3018752"	"2599.6129408477977"	"2596.6588352331983"
"12/11/2009 14:39:24.977"	"60989440"	"54591"	"3018752"	"1439.6792359669446"	"1434.7555723692465"
"12/11/2009 14:39:25.978"	"61005824"	"54498"	"3018752"	"1707.1768059850231"	"1706.1767024079961"
"12/11/2009 14:39:26.994"	"61091840"	"54532"	"3018752"	"15493.176270526788"	"15483.328704092843"
"12/11/2009 14:39:28.010"	"61153280"	"54588"	"3018752"	"3117.4633175500626"	"3104.6626153617649"
"12/11/2009 14:39:29.025"	"64512000"	"54778"	"3018752"	"3946.4873226868949"	"3929.7482297513466"
"12/11/2009 14:39:30.026"	"62099456"	"55430"	"3018752"	"2271.0013329824596"	"2205.0012942432072"
"12/11/2009 14:39:31.042"	"62173184"	"55564"	"3018752"	"2288.5123785092123"	"2291.4665683265648"
"12/11/2009 14:39:32.058"	"62418944"	"55427"	"3018752"	"1036.9134524692083"	"1034.9440062157057"
"12/11/2009 14:39:33.058"	"62955520"	"56330"	"3018752"	"11522.498022537096"	"8928.1624959148467"
"12/11/2009 14:39:34.058"	"64110592"	"56505"	"3018752"	"19481.157740849674"	"19481.157740849674"
"12/11/2009 14:39:35.058"	"62103552"	"56401"	"3018752"	"3331.2347157614845"	"3327.218760709331"
"12/11/2009 14:39:36.059"	"62148608"	"56371"	"3018752"	"3375.0278807236732"	"3327.7473113066799"
"12/11/2009 14:39:37.074"	"62271488"	"56626"	"3018752"	"14444.769919823359"	"14441.804456895865"
"12/11/2009 14:39:38.075"	"62287872"	"56436"	"3018752"	"5885.5796970792726"	"5884.5855113196303"
"12/11/2009 14:39:39.091"	"62341120"	"56470"	"3018752"	"1936.2059236457376"	"1926.3020570286239"
"12/11/2009 14:39:40.091"	"62558208"	"56619"	"3018752"	"4199.8646868673859"	"3527.372833644557"
"12/11/2009 14:39:41.091"	"62775296"	"56597"	"3018752"	"2699.7324465743432"	"2674.6326655537564"
"12/11/2009 14:39:42.091"	"62697472"	"56697"	"3018752"	"4744.7837012377286"	"4734.7439557844109"
"12/11/2009 14:39:43.092"	"62873600"	"56613"	"3018752"	"3196.0338834581285"	"3195.0357467050185"
"12/11/2009 14:39:44.092"	"63172608"	"56599"	"3018752"	"1763.203875923195"	"1762.2009158117485"
"12/11/2009 14:39:45.092"	"62746624"	"56697"	"3018752"	"2294.7220466644803"	"2294.7220466644803"
"12/11/2009 14:39:46.093"	"62717952"	"56539"	"3018752"	"1986.8868610759137"	"1985.8828757999784"
"12/11/2009 14:39:47.093"	"62758912"	"56591"	"3018752"	"2204.8867956959784"	"2203.8827488855522"
"12/11/2009 14:39:48.093"	"62836736"	"56515"	"3018752"	"2451.6627348208831"	"2453.6511068685886"
"12/11/2009 14:39:49.093"	"62894080"	"56479"	"3018752"	"4952.9993805983713"	" "
"12/11/2009 14:39:50.094"	"63086592"	"56563"	"3018752"	"1950.5786703213971"	"1871.1069245991741"
"12/11/2009 14:39:51.094"	"63135744"	"56577"	"3018752"	"1455.0066549362673"	"1456.9970881167546"
"12/11/2009 14:39:52.094"	"63320064"	"56587"	"3018752"	"1500.4422883749312"	"1498.4323187990774"
"12/11/2009 14:39:53.094"	"63385600"	"56605"	"3018752"	"1546.6437310375677"	"1543.6346965413857"
"12/11/2009 14:39:54.095"	"63430656"	"56494"	"3018752"	"1488.4886061738018"	"1492.4579091235987"
"12/11/2009 14:39:55.095"	"63545344"	"56494"	"3018752"	"1653.3588783143068"	"1647.3466642113458"
"12/11/2009 14:39:56.095"	"62926848"	"56508"	"3018752"	"1451.4419170352373"	"1450.445731779894"
"12/11/2009 14:39:57.096"	"62451712"	"56532"	"3018752"	"1353.7158327757477"	"1356.7307900870521"
"12/11/2009 14:39:58.096"	"62517248"	"56438"	"3018752"	"1396.6524748311372"	"1396.6524748311372"
"12/11/2009 14:39:59.096"	"62541824"	"56451"	"3018752"	"1382.9245259562163"	"1377.8993641613172"
"12/11/2009 14:40:00.096"	"62734336"	"56529"	"3018752"	"1411.2670763790236"	"1410.276713518407"
"12/11/2009 14:40:01.097"	"62779392"	"56542"	"3018752"	"1368.1453965273076"	"1373.2201198081952"
"12/11/2009 14:40:02.097"	"62976000"	"56554"	"3018752"	"1369.3965618965219"	"1361.480974833536"
"12/11/2009 14:40:03.097"	"63168512"	"56458"	"3018752"	"1311.9219117691"	"1311.9219117691"
"12/11/2009 14:40:04.097"	"63234048"	"56473"	"3018752"	"1389.2581713593374"	"1386.2489478834689"
"12/11/2009 14:40:05.098"	"63320064"	"56484"	"3018752"	"1395.4990868294406"	"1397.506999184591"
"12/11/2009 14:40:06.098"	"63389696"	"56508"	"3018752"	"1364.4430189078912"	"1364.4430189078912"
"12/11/2009 14:40:07.098"	"63066112"	"56520"	"3018752"	"1383.8630044543102"	"1385.8729725072576"
"12/11/2009 14:40:08.098"	"63123456"	"56401"	"3018752"	"1449.5234145770728"	"1447.5445430213363"
"12/11/2009 14:40:09.099"	"63197184"	"56444"	"3018752"	"1500.143662669034"	"1496.1512643651909"
"12/11/2009 14:40:10.099"	"63279104"	"56333"	"3018752"	"1428.139233385471"	"1422.1090888391564"
"12/11/2009 14:40:11.099"	"62947328"	"56349"	"3018752"	"1388.0407882433303"	"1390.0350997206913"
"12/11/2009 14:40:12.100"	"63008768"	"56363"	"3018752"	"1313.5153661973611"	"1311.5053962414354"
"12/11/2009 14:40:13.100"	"62545920"	"56249"	"3018752"	"1367.4433557745454"	"1367.4433557745454"
"12/11/2009 14:40:14.100"	"62615552"	"56272"	"3018752"	"1449.5440044404415"	"566.95475395520339"
"12/11/2009 14:40:15.100"	"62697472"	"56291"	"3018752"	"1428.8500544339904"	"1430.8739213666165"
"12/11/2009 14:40:16.101"	"62377984"	"56317"	"3018752"	"1402.9969630837804"	"1402.9969630837804"
"12/11/2009 14:40:17.101"	"62435328"	"56276"	"3018752"	"1491.9399378516262"	"15.059958995810492"
"12/11/2009 14:40:18.101"	"62500864"	"56297"	"3018752"	"1356.8546355661542"	"1354.8738258791961"
"12/11/2009 14:40:19.101"	"62697472"	"56311"	"3018752"	"1377.9053380607593"	"1378.9162737453235"
"12/11/2009 14:40:20.102"	"62775296"	"56329"	"3018752"	"1404.3951906942145"	"1404.3951906942145"
"12/11/2009 14:40:21.102"	"62836736"	"56340"	"3018752"	"1315.6737338873079"	"1313.6696611776547"
"12/11/2009 14:40:22.102"	"62898176"	"56226"	"3018752"	"1352.7092764057691"	"1354.7192456129098"
"12/11/2009 14:40:23.102"	"62959616"	"56237"	"3018752"	"1342.8573729774375"	"1340.8650029878568"
"12/11/2009 14:40:24.103"	"62636032"	"56268"	"3018752"	"1420.4305513373781"	"1416.4066687556858"
"12/11/2009 14:40:25.103"	"62713856"	"56156"	"3018752"	"1388.3295781625425"	"1387.3343598269421"
"12/11/2009 14:40:26.103"	"62783488"	"56172"	"3018752"	"1348.8356784763234"	"1350.8280502318275"
"12/11/2009 14:40:27.104"	"62849024"	"56187"	"3018752"	"1306.5487410199473"	"1304.5524862590307"
"12/11/2009 14:40:28.104"	"62517248"	"56072"	"3018752"	"1365.1049008812597"	"1367.1109330647737"
"12/11/2009 14:40:29.104"	"62582784"	"56088"	"3018752"	"1433.1501604155007"	"1427.1200755890679"
"12/11/2009 14:40:30.104"	"62664704"	"56104"	"3018752"	"1308.2873686060957"	"1312.248874642753"
"12/11/2009 14:40:31.105"	"62861312"	"56113"	"3018752"	"1356.6736710956732"	"1354.6518027333846"
"12/11/2009 14:40:32.105"	"62930944"	"56122"	"3018752"	"1357.5262930840076"	"1359.5051943858793"
"12/11/2009 14:40:33.105"	"62464000"	"56140"	"3018752"	"1359.4135791628462"	"1357.4055827386767"
"12/11/2009 14:40:34.105"	"62529536"	"56151"	"3018752"	"1357.4082525031113"	"1357.4082525031113"
"12/11/2009 14:40:35.106"	"62615552"	"56160"	"3018752"	"1355.0431392064402"	"1356.0491103565564"
"12/11/2009 14:40:36.106"	"62808064"	"56169"	"3018752"	"1372.4023410094521"	"1372.4023410094521"
"12/11/2009 14:40:37.106"	"62881792"	"56181"	"3018752"	"1389.8949441048867"	"1364.7703066481824"
"12/11/2009 14:40:38.107"	"62943232"	"56193"	"3018752"	"1391.5189684230641"	"1393.4997783425276"
"12/11/2009 14:40:39.107"	"63008768"	"56097"	"3018752"	"1461.9680907898444"	"1455.9558847961919"
"12/11/2009 14:40:40.107"	"63221760"	"56108"	"3018752"	"1400.9490531902381"	"1393.9141583750793"
"12/11/2009 14:40:41.107"	"62758912"	"56120"	"3018752"	"1354.8113979338286"	"1353.8152130824067"
"12/11/2009 14:40:42.108"	"62824448"	"56131"	"3018752"	"1344.9844296268823"	"1333.9187387324203"
"12/11/2009 14:40:43.108"	"62889984"	"56143"	"3018752"	"1366.0989099260573"	"1368.0758982182804"
"12/11/2009 14:40:44.108"	"62558208"	"56160"	"3018752"	"1359.0869016202846"	"1358.0838854567273"
"12/11/2009 14:40:45.108"	"62652416"	"56041"	"3018752"	"1328.5888419933983"	"1328.5888419933983"
"12/11/2009 14:40:46.109"	"62717952"	"56051"	"3018752"	"1343.1678026854961"	"1324.2218574360347"
"12/11/2009 14:40:47.109"	"62779392"	"56060"	"3018752"	"1333.287960350716"	"1331.2799965550071"
"12/11/2009 14:40:48.109"	"62980096"	"55944"	"3018752"	"1313.300744448333"	"1315.2815902167317"
"12/11/2009 14:40:49.109"	"63041536"	"55961"	"3018752"	"1387.1710021363958"	"1388.1740180453883"
"12/11/2009 14:40:50.110"	"62603264"	"55976"	"3018752"	"1363.759271395875"	"1364.7642524359603"
"12/11/2009 14:40:51.110"	"62668800"	"55989"	"3018752"	"1308.9932322434759"	"1307.9970425690135"
"12/11/2009 14:40:52.110"	"62865408"	"55870"	"3018752"	"1360.3999277836954"	"1356.3839870374704"
"12/11/2009 14:40:53.111"	"62926848"	"55883"	"3018752"	"1354.0557396534243"	"1358.0796794443706"
"12/11/2009 14:40:54.111"	"62988288"	"55913"	"3018752"	"1490.6509352432254"	"1485.7084586674853"
"12/11/2009 14:40:55.111"	"63078400"	"55922"	"3018752"	"1397.4818309097766"	"1395.4579614949905"
"12/11/2009 14:40:56.111"	"63270912"	"55935"	"3018752"	"1363.8039131080486"	"1361.8115041772844"
"12/11/2009 14:40:57.112"	"63336448"	"55945"	"3018752"	"1380.5995475795676"	"1309.2916799857878"
"12/11/2009 14:40:58.128"	"62877696"	"55960"	"3018752"	"1340.4851008919748"	"1341.4832282939792"
"12/11/2009 14:40:59.128"	"62550016"	"55974"	"3018752"	"1373.3542067237497"	"1371.3753101722746"
"12/11/2009 14:41:00.144"	"62545920"	"55983"	"3018752"	"1347.5237214461135"	"1347.5237214461135"
"12/11/2009 14:41:01.144"	"62607360"	"55992"	"3018752"	"1349.8320167413126"	"1350.8282027315277"
"12/11/2009 14:41:02.144"	"62668800"	"56010"	"3018752"	"1329.2083089972098"	"1326.2168424353256"
"12/11/2009 14:41:03.145"	"62869504"	"56019"	"3018752"	"1341.1049717791675"	"1343.105128336631"
"12/11/2009 14:41:04.145"	"62935040"	"56030"	"3018752"	"1420.0399250752675"	"1419.034942821145"
"12/11/2009 14:41:05.145"	"63021056"	"56039"	"3018752"	"1337.7359598309008"	"1335.7570604820387"
"12/11/2009 14:41:06.145"	"62558208"	"56054"	"3018752"	"1402.5443197833897"	"1402.5443197833897"
"12/11/2009 14:41:07.146"	"62750720"	"55940"	"3018752"	"1382.6053859764795"	"1216.2173452572472"
"12/11/2009 14:41:08.146"	"62820352"	"55952"	"3018752"	"1337.7153993221762"	"1335.7113313082102"
"12/11/2009 14:41:09.146"	"62885888"	"55981"	"3018752"	"1473.3080212435518"	"1470.2930662205431"
"12/11/2009 14:41:10.146"	"62967808"	"55992"	"3018752"	"1371.7113892795303"	"1366.7593626034309"
"12/11/2009 14:41:11.147"	"63164416"	"56001"	"3018752"	"1323.8082748000315"	"1323.8082748000315"
"12/11/2009 14:41:12.147"	"63229952"	"56015"	"3018752"	"1355.3998212662927"	"1352.3878216634787"
"12/11/2009 14:41:13.147"	"63291392"	"56029"	"3018752"	"1328.2912664613864"	"1326.2832675702882"
"12/11/2009 14:41:14.147"	"63369216"	"56041"	"3018752"	"1337.6329926358878"	"1338.6379761014296"
"12/11/2009 14:41:15.148"	"62541824"	"56050"	"3018752"	"1324.1730229023221"	"1324.1730229023221"
"12/11/2009 14:41:16.148"	"62607360"	"56059"	"3018752"	"1311.1844514941806"	"1311.1844514941806"
"12/11/2009 14:41:17.148"	"62668800"	"55948"	"3018752"	"1303.3739030083707"	"1301.3930916056224"
"12/11/2009 14:41:18.149"	"62730240"	"55833"	"3018752"	"1347.3676146068917"	"1349.3756140325354"
"12/11/2009 14:41:19.149"	"62795776"	"55844"	"3018752"	"1354.7809789840528"	"1319.8124433908067"
"12/11/2009 14:41:20.149"	"63008768"	"55731"	"3018752"	"1358.738159267916"	"1358.738159267916"
"12/11/2009 14:41:21.149"	"63070208"	"55743"	"3018752"	"1339.8700482995775"	"1339.8700482995775"
"12/11/2009 14:41:22.150"	"63131648"	"55755"	"3018752"	"1362.0686199131414"	"1362.0686199131414"
"12/11/2009 14:41:23.150"	"62676992"	"55765"	"3018752"	"1323.6093706709214"	"1323.6093706709214"
"12/11/2009 14:41:24.150"	"62873600"	"55807"	"3018752"	"1494.492690982491"	"1487.4715843805598"
"12/11/2009 14:41:25.150"	"62959616"	"55816"	"3018752"	"1364.7744014148009"	"1364.7744014148009"
"12/11/2009 14:41:26.151"	"63025152"	"55825"	"3018752"	"1276.3165274665953"	"1276.3165274665953"
"12/11/2009 14:41:27.167"	"63086592"	"55840"	"3018752"	"1317.9448770984288"	"1317.9448770984288"
"12/11/2009 14:41:28.167"	"63279104"	"55853"	"3018752"	"1347.5249227748286"	"1347.5249227748286"
"12/11/2009 14:41:29.183"	"63344640"	"55869"	"3018752"	"1354.5549271691866"	"1353.56547871983"
"12/11/2009 14:41:30.183"	"63426560"	"55882"	"3018752"	"1347.525089835679"	"1347.525089835679"
"12/11/2009 14:41:31.183"	"63500288"	"55896"	"3018752"	"1318.7987331102322"	"1318.7987331102322"
"12/11/2009 14:41:32.184"	"62648320"	"55912"	"3018752"	"1316.8181566998392"	"1316.8181566998392"
"12/11/2009 14:41:33.184"	"62713856"	"55927"	"3018752"	"1314.2334929651145"	"1314.2334929651145"
"12/11/2009 14:41:34.184"	"62779392"	"55939"	"3018752"	"1316.6739239540025"	"1315.6854300171001"
"12/11/2009 14:41:35.184"	"62865408"	"55949"	"3018752"	"1328.2924443659679"	"1328.2924443659679"
"12/11/2009 14:41:36.185"	"63062016"	"55963"	"3018752"	"1326.2140035491461"	"1326.2140035491461"
"12/11/2009 14:41:37.185"	"63139840"	"55973"	"3018752"	"1301.1860835996899"	"1301.1860835996899"
"12/11/2009 14:41:38.185"	"63201280"	"55982"	"3018752"	"1291.4036285971445"	"1291.4036285971445"
"12/11/2009 14:41:39.185"	"63270912"	"56011"	"3018752"	"1548.1683216042588"	"1543.1483205614436"
"12/11/2009 14:41:40.186"	"62963712"	"56022"	"3018752"	"1378.6426266964568"	"1375.6714141389214"
"12/11/2009 14:41:41.186"	"62996480"	"55909"	"3018752"	"1316.2382198625476"	"1315.2272842098114"
"12/11/2009 14:41:42.186"	"63066112"	"55921"	"3018752"	"1363.4651732584568"	"1364.4517616616829"
"12/11/2009 14:41:43.187"	"63131648"	"55932"	"3018752"	"1331.0013998158242"	"1325.9863229514087"
"12/11/2009 14:41:44.187"	"63328256"	"55949"	"3018752"	"1322.9353381703097"	"1321.9391519216874"
"12/11/2009 14:41:45.187"	"63410176"	"55961"	"3018752"	"1343.3508917831607"	"1343.3508917831607"
"12/11/2009 14:41:46.187"	"63479808"	"55970"	"3018752"	"1307.271987031819"	"1307.271987031819"
"12/11/2009 14:41:47.188"	"63545344"	"55979"	"3018752"	"1336.4080320387595"	"1336.4080320387595"
"12/11/2009 14:41:48.188"	"63234048"	"55988"	"3018752"	"1341.3429173224326"	"1341.3429173224326"
"12/11/2009 14:41:49.188"	"62771200"	"55999"	"3018752"	"1366.7793020744887"	"1365.7743172935516"
"12/11/2009 14:41:50.188"	"62865408"	"56008"	"3018752"	"1329.8172629435117"	"1329.8172629435117"
"12/11/2009 14:41:51.189"	"62935040"	"56017"	"3018752"	"1333.7336215706514"	"1333.7336215706514"
"12/11/2009 14:41:52.189"	"63139840"	"56026"	"3018752"	"1295.9149218366003"	"1295.9149218366003"
"12/11/2009 14:41:53.189"	"63209472"	"56035"	"3018752"	"1289.2043099230818"	"1289.2043099230818"
"12/11/2009 14:41:54.189"	"63295488"	"56064"	"3018752"	"1434.1097563668363"	"1429.1577199152935"
"12/11/2009 14:41:55.190"	"63483904"	"55945"	"3018752"	"1348.3714767134488"	"1348.3714767134488"
"12/11/2009 14:41:56.190"	"63528960"	"55832"	"3018752"	"1361.4579341033498"	"1361.4579341033498"
"12/11/2009 14:41:57.190"	"63066112"	"55842"	"3018752"	"1312.5103641030639"	"1311.505379138207"
"12/11/2009 14:41:58.191"	"63119360"	"55724"	"3018752"	"1337.4100706263207"	"1338.4111260684062"
"12/11/2009 14:41:59.191"	"63311872"	"55741"	"3018752"	"1403.5903581140069"	"1396.5623663351814"
"12/11/2009 14:42:00.191"	"63397888"	"55753"	"3018752"	"1374.7369324672479"	"1374.7369324672479"
"12/11/2009 14:42:01.191"	"63463424"	"55765"	"3018752"	"1329.5925746848764"	"1329.5925746848764"
"12/11/2009 14:42:02.192"	"63524864"	"55774"	"3018752"	"1297.6976040620482"	"1298.688969687764"
"12/11/2009 14:42:03.192"	"63197184"	"55786"	"3018752"	"1336.2361072987896"	"1329.1873863107778"
"12/11/2009 14:42:04.192"	"63262720"	"55797"	"3018752"	"1383.0554402420992"	"1382.0582841928979"
"12/11/2009 14:42:05.192"	"62824448"	"55809"	"3018752"	"1286.0772327694726"	"1288.0696064840652"
"12/11/2009 14:42:06.193"	"62889984"	"55824"	"3018752"	"1306.202441404751"	"1304.1944438007467"
"12/11/2009 14:42:07.193"	"63082496"	"55833"	"3018752"	"1309.4917376602448"	"1309.4917376602448"
"12/11/2009 14:42:08.193"	"63148032"	"55842"	"3018752"	"1286.3111206064714"	"1286.3111206064714"
"12/11/2009 14:42:09.194"	"63209472"	"55871"	"3018752"	"1465.3888572611074"	"1460.4079298061072"
"12/11/2009 14:42:10.194"	"63430656"	"55882"	"3018752"	"1414.5646327717432"	"1412.5567340736995"
"12/11/2009 14:42:11.194"	"63488000"	"55897"	"3018752"	"1294.9582850630677"	"1293.955219001826"
"12/11/2009 14:42:12.194"	"63553536"	"55909"	"3018752"	"1314.829227322959"	"1314.829227322959"
"12/11/2009 14:42:13.195"	"63619072"	"55920"	"3018752"	"1377.8712373055446"	"1372.8314741844563"
"12/11/2009 14:42:14.195"	"63299584"	"55939"	"3018752"	"1372.3845286202247"	"1371.3922043045195"
"12/11/2009 14:42:15.211"	"63389696"	"55953"	"3018752"	"1319.8119506002261"	"1319.8119506002261"
"12/11/2009 14:42:16.211"	"63455232"	"55967"	"3018752"	"1342.0690912490402"	"1342.0690912490402"
"12/11/2009 14:42:17.211"	"63516672"	"55981"	"3018752"	"1287.3854976649839"	"1287.3854976649839"
"12/11/2009 14:42:18.212"	"63193088"	"55997"	"3018752"	"1331.2042977412248"	"1330.2071409638904"
"12/11/2009 14:42:19.212"	"63266816"	"56007"	"3018752"	"1318.2488395509793"	"1318.2488395509793"
"12/11/2009 14:42:20.212"	"63352832"	"56016"	"3018752"	"1331.9035516448882"	"1331.9035516448882"
"12/11/2009 14:42:21.212"	"63549440"	"56025"	"3018752"	"1344.1654481692094"	"1344.1654481692094"
"12/11/2009 14:42:22.213"	"63066112"	"55909"	"3018752"	"1312.4812089655561"	"1312.4812089655561"
"12/11/2009 14:42:23.213"	"63135744"	"55920"	"3018752"	"1311.2965374379489"	"1310.3061321981922"
"12/11/2009 14:42:24.213"	"63221760"	"55950"	"3018752"	"1484.7856613093393"	"1480.761851929097"
"12/11/2009 14:42:25.213"	"62918656"	"55966"	"3018752"	"1363.8048680594793"	"1363.8048680594793"
"12/11/2009 14:42:26.214"	"62988288"	"55975"	"3018752"	"1289.0998456875964"	"1289.0998456875964"
"12/11/2009 14:42:27.214"	"63049728"	"55984"	"3018752"	"1338.2511152299951"	"1338.2511152299951"
"12/11/2009 14:42:28.214"	"63119360"	"55998"	"3018752"	"1382.0582782319314"	"1381.0611221870311"
"12/11/2009 14:42:29.215"	"63328256"	"56016"	"3018752"	"1319.2544539035341"	"1314.2344597867018"
"12/11/2009 14:42:30.215"	"63418368"	"56025"	"3018752"	"1334.3619669084017"	"1334.3619669084017"
"12/11/2009 14:42:31.215"	"62971904"	"56035"	"3018752"	"1296.1163556962506"	"1296.1163556962506"
"12/11/2009 14:42:32.215"	"63037440"	"56047"	"3018752"	"1254.592739598972"	"1254.592739598972"
"12/11/2009 14:42:33.216"	"62713856"	"56058"	"3018752"	"1332.5573568644099"	"1331.5591865596425"
"12/11/2009 14:42:34.216"	"62730240"	"55939"	"3018752"	"1302.0007719068587"	"1302.0007719068587"
"12/11/2009 14:42:35.216"	"62816256"	"55948"	"3018752"	"1331.2037417855704"	"1331.2037417855704"
"12/11/2009 14:42:36.216"	"62857216"	"55832"	"3018752"	"1338.1038027114264"	"1338.1038027114264"
"12/11/2009 14:42:37.217"	"63045632"	"55713"	"3018752"	"1331.5016620642548"	"1331.5016620642548"
"12/11/2009 14:42:38.217"	"63107072"	"55724"	"3018752"	"1333.2153000415244"	"1332.2083398451184"
"12/11/2009 14:42:39.217"	"62648320"	"55759"	"3018752"	"1493.285479918213"	"1487.3083532474263"
"12/11/2009 14:42:40.217"	"62730240"	"55771"	"3018752"	"1362.7551487193716"	"1359.7402037000811"
"12/11/2009 14:42:41.218"	"62922752"	"55780"	"3018752"	"1306.2044364094154"	"1306.2044364094154"
"12/11/2009 14:42:42.218"	"62992384"	"55792"	"3018752"	"1327.8404123261796"	"1327.8404123261796"
"12/11/2009 14:42:43.218"	"63057920"	"55803"	"3018752"	"1332.4132462383961"	"1331.4023105432227"
"12/11/2009 14:42:44.219"	"63258624"	"55813"	"3018752"	"1357.1789858267423"	"1357.1789858267423"
"12/11/2009 14:42:45.219"	"63344640"	"55822"	"3018752"	"1349.103011547295"	"1349.103011547295"
"12/11/2009 14:42:46.219"	"63406080"	"55831"	"3018752"	"1315.3787670087102"	"1315.3787670087102"
"12/11/2009 14:42:47.219"	"63471616"	"55840"	"3018752"	"1323.4712284586603"	"1323.4712284586603"
"12/11/2009 14:42:48.220"	"62615552"	"55857"	"3018752"	"1354.1385269044447"	"1318.2408929069777"
"12/11/2009 14:42:49.220"	"62681088"	"55869"	"3018752"	"1411.6232897139896"	"1411.6232897139896"
"12/11/2009 14:42:50.220"	"62763008"	"55878"	"3018752"	"1333.1970915108575"	"1333.1970915108575"
"12/11/2009 14:42:51.220"	"62828544"	"55890"	"3018752"	"1341.341657363203"	"1341.341657363203"
"12/11/2009 14:42:52.221"	"63029248"	"55899"	"3018752"	"1353.6806109859767"	"1355.6965165868494"
"12/11/2009 14:42:53.221"	"63098880"	"55910"	"3018752"	"1295.3059392056762"	"1292.3144705239079"
"12/11/2009 14:42:54.221"	"63168512"	"55937"	"3018752"	"1443.0212478465501"	"1439.0596246541095"
"12/11/2009 14:42:55.221"	"63254528"	"55946"	"3018752"	"1329.3994874856562"	"1329.3994874856562"
"12/11/2009 14:42:56.222"	"62926848"	"55961"	"3018752"	"1317.8152334199542"	"1317.8152334199542"
"12/11/2009 14:42:57.222"	"62996480"	"55970"	"3018752"	"1314.2193782176766"	"1314.2193782176766"
"12/11/2009 14:42:58.222"	"63066112"	"55981"	"3018752"	"1343.2975951906076"	"1342.3062316517214"
"12/11/2009 14:42:59.223"	"63127552"	"55995"	"3018752"	"1373.8380617629864"	"1370.8142068948362"
"12/11/2009 14:43:00.223"	"63344640"	"56004"	"3018752"	"1339.5653115307209"	"1339.5653115307209"
"12/11/2009 14:43:01.223"	"63410176"	"56013"	"3018752"	"1327.5832987918409"	"1327.5832987918409"
"12/11/2009 14:43:02.223"	"63442944"	"55894"	"3018752"	"1290.3204418993043"	"1290.3204418993043"
"12/11/2009 14:43:03.224"	"63512576"	"55905"	"3018752"	"1349.1518686392376"	"1348.1547127865849"
"12/11/2009 14:43:04.224"	"62668800"	"55915"	"3018752"	"1349.1006025052216"	"1349.1006025052216"
"12/11/2009 14:43:05.224"	"62754816"	"55927"	"3018752"	"1312.9128121045305"	"1309.9243914396493"
"12/11/2009 14:43:06.224"	"62824448"	"55939"	"3018752"	"1356.4689009771819"	"1359.4810450948219"
"12/11/2009 14:43:07.225"	"62889984"	"55948"	"3018752"	"1347.8403027761585"	"1347.8403027761585"
"12/11/2009 14:43:08.225"	"63102976"	"55962"	"3018752"	"1345.6731668789344"	"1344.6681831844767"
"12/11/2009 14:43:09.225"	"63193088"	"55992"	"3018752"	"1442.4776264714194"	"1438.4928816469128"
"12/11/2009 14:43:10.226"	"63279104"	"56003"	"3018752"	"1376.1673926391122"	"1372.1435113740856"
"12/11/2009 14:43:11.226"	"63483904"	"56012"	"3018752"	"1295.9777435279834"	"1298.954721499334"
"12/11/2009 14:43:12.226"	"63549440"	"56021"	"3018752"	"1338.1040481352006"	"1337.1039703712729"
"12/11/2009 14:43:13.226"	"63066112"	"55904"	"3018752"	"1333.4258734153955"	"1331.4039994602547"
"12/11/2009 14:43:14.227"	"63135744"	"55915"	"3018752"	"1338.7903899807138"	"1313.8129573318199"
"12/11/2009 14:43:15.227"	"63356928"	"55924"	"3018752"	"1335.6758109949053"	"1335.6758109949053"
"12/11/2009 14:43:16.227"	"63426560"	"55933"	"3018752"	"1332.8003937485112"	"1332.8003937485112"
"12/11/2009 14:43:17.227"	"63467520"	"55817"	"3018752"	"1298.3135246861323"	"1298.3135246861323"
"12/11/2009 14:43:18.228"	"63492096"	"55703"	"3018752"	"1340.3229212153196"	"1339.3315581079119"
"12/11/2009 14:43:19.228"	"63160320"	"55716"	"3018752"	"1389.7522051949372"	"1389.7522051949372"
"12/11/2009 14:43:20.228"	"63242240"	"55725"	"3018752"	"1298.0394670207218"	"1298.0394670207218"
"12/11/2009 14:43:21.228"	"62783488"	"55734"	"3018752"	"1324.7580784221082"	"1324.7580784221082"
"12/11/2009 14:43:22.229"	"62844928"	"55743"	"3018752"	"1321.13373411865"	"1321.13373411865"
"12/11/2009 14:43:23.229"	"63041536"	"55754"	"3018752"	"1287.8120411950208"	"1286.8168232342828"
"12/11/2009 14:43:24.229"	"63111168"	"55784"	"3018752"	"1546.6708544316648"	"1539.6359642555624"
"12/11/2009 14:43:25.230"	"63193088"	"55794"	"3018752"	"1367.424183020994"	"1367.424183020994"
"12/11/2009 14:43:26.230"	"63393792"	"55806"	"3018752"	"1362.09617053133"	"1362.09617053133"
"12/11/2009 14:43:27.230"	"63459328"	"55818"	"3018752"	"1316.8153884520777"	"1314.8171860416801"
"12/11/2009 14:43:28.230"	"63520768"	"55829"	"3018752"	"1324.9266579290795"	"1323.93047247199"
"12/11/2009 14:43:29.231"	"63582208"	"55843"	"3018752"	"1337.1861512442213"	"1332.2003714110958"
"12/11/2009 14:43:30.247"	"63279104"	"55852"	"3018752"	"1344.7910329079498"	"1344.7910329079498"
"12/11/2009 14:43:31.247"	"63344640"	"55864"	"3018752"	"1313.5382583334633"	"1313.5382583334633"
"12/11/2009 14:43:32.247"	"63410176"	"55873"	"3018752"	"1324.9268246315901"	"1324.9268246315901"
"12/11/2009 14:43:33.247"	"63471616"	"55887"	"3018752"	"1356.8302619439876"	"1354.8436876219614"
"12/11/2009 14:43:34.248"	"63664128"	"55896"	"3018752"	"1343.5994515742761"	"1343.5994515742761"
"12/11/2009 14:43:35.248"	"63754240"	"55905"	"3018752"	"1346.5863921603029"	"1346.5863921603029"
"12/11/2009 14:43:36.248"	"63819776"	"55920"	"3018752"	"1338.796847886209"	"1338.796847886209"
"12/11/2009 14:43:37.248"	"63881216"	"55929"	"3018752"	"1302.3609072830552"	"1302.3609072830552"
"12/11/2009 14:43:38.249"	"63520768"	"55941"	"3018752"	"1301.6219682214496"	"1300.6306338968332"
"12/11/2009 14:43:39.249"	"63594496"	"55975"	"3018752"	"1458.0383720728269"	"1454.0106417632335"
"12/11/2009 14:43:40.249"	"63680512"	"55987"	"3018752"	"1354.8932657394105"	"1351.9045305943971"
"12/11/2009 14:43:41.249"	"63737856"	"55873"	"3018752"	"1282.0902136992954"	"1282.0902136992954"
"12/11/2009 14:43:42.250"	"63807488"	"55882"	"3018752"	"1343.2873832909268"	"604.17723386398507"
"12/11/2009 14:43:43.250"	"63877120"	"55893"	"3018752"	"1342.5489417681245"	"1341.5537238720769"
"12/11/2009 14:43:44.250"	"63950848"	"55904"	"3018752"	"1326.9219951274406"	"1321.9410567072925"
"12/11/2009 14:43:45.251"	"64045056"	"55925"	"3018752"	"1364.7612146621616"	"1252.2140416848215"
"12/11/2009 14:43:46.251"	"64110592"	"55934"	"3018752"	"1314.8179127712599"	"1314.8179127712599"
"12/11/2009 14:43:47.251"	"63660032"	"55943"	"3018752"	"1339.0281824373569"	"1328.1337223731477"
"12/11/2009 14:43:48.251"	"63725568"	"55957"	"3018752"	"1290.0619273903596"	"1289.065740573842"
"12/11/2009 14:43:49.252"	"63791104"	"55966"	"3018752"	"1282.3508019724804"	"1282.3508019724804"
"12/11/2009 14:43:50.252"	"63889408"	"55978"	"3018752"	"1297.9732043055265"	"1297.9732043055265"
"12/11/2009 14:43:51.252"	"63963136"	"55993"	"3018752"	"1296.5038042371975"	"1296.5038042371975"
"12/11/2009 14:43:52.252"	"64036864"	"56002"	"3018752"	"1287.9010220378791"	"1287.9010220378791"
"12/11/2009 14:43:53.253"	"63963136"	"55697"	"3018752"	"1487.3343755571732"	" "
"12/11/2009 14:43:54.253"	"64024576"	"55728"	"3018752"	"1249.4875899250364"	"1243.5044091273107"
"12/11/2009 14:43:55.253"	"63590400"	"55737"	"3018752"	"1061.3486387597632"	"1061.3486387597632"
"12/11/2009 14:43:56.254"	"63651840"	"55749"	"3018752"	"1069.3735779849189"	"1069.3735779849189"
"12/11/2009 14:43:57.254"	"63713280"	"55758"	"3018752"	"1068.6481108108926"	"1068.6481108108926"
"12/11/2009 14:43:58.254"	"63782912"	"55769"	"3018752"	"1061.3061086687487"	"1060.3010839446306"
"12/11/2009 14:43:59.254"	"63848448"	"55780"	"3018752"	"1156.7487276241347"	"1153.7571360871757"
"12/11/2009 14:44:00.255"	"63934464"	"55792"	"3018752"	"1092.1951253226089"	"1092.1951253226089"
"12/11/2009 14:44:01.255"	"63995904"	"55801"	"3018752"	"1092.5994666288698"	"1092.5994666288698"
"12/11/2009 14:44:02.255"	"64057344"	"55813"	"3018752"	"1062.9347937817231"	"1062.9347937817231"
"12/11/2009 14:44:03.255"	"63598592"	"55827"	"3018752"	"1086.4954193753874"	"1085.4894050981879"
"12/11/2009 14:44:04.256"	"63668224"	"55839"	"3018752"	"1062.972368215798"	"1062.972368215798"
"12/11/2009 14:44:05.256"	"63746048"	"55850"	"3018752"	"1110.8794954258121"	"1110.8794954258121"
"12/11/2009 14:44:06.256"	"63815680"	"55859"	"3018752"	"1107.4571134624932"	"1107.4571134624932"
"12/11/2009 14:44:07.256"	"63877120"	"55743"	"3018752"	"1096.9868711805432"	"1096.9868711805432"
"12/11/2009 14:44:08.257"	"63946752"	"55754"	"3018752"	"1090.6098916659773"	"1088.6251602889693"
"12/11/2009 14:44:09.257"	"64016384"	"55782"	"3018752"	"1199.3409668636166"	"1195.3129535408168"
"12/11/2009 14:44:10.257"	"64098304"	"55796"	"3018752"	"1131.8177251181075"	"1128.8261364173547"
"12/11/2009 14:44:11.258"	"64163840"	"55805"	"3018752"	"1044.0483686883424"	"1044.0483686883424"
"12/11/2009 14:44:12.258"	"63709184"	"55815"	"3018752"	"1081.7483560197138"	"1081.7483560197138"
"12/11/2009 14:44:13.258"	"63766528"	"55826"	"3018752"	"1105.3379073519493"	"1104.3474611984082"
"12/11/2009 14:44:14.258"	"63840256"	"55835"	"3018752"	"1079.2909180971885"	"1079.2909180971885"
"12/11/2009 14:44:15.259"	"63930368"	"55846"	"3018752"	"1114.0440101886718"	"1106.0508693083943"
"12/11/2009 14:44:16.259"	"63995904"	"55855"	"3018752"	"1055.3384209123392"	"1055.3384209123392"
"12/11/2009 14:44:17.259"	"64057344"	"55739"	"3018752"	"1077.9707195947458"	"1077.9707195947458"
"12/11/2009 14:44:18.259"	"64122880"	"55753"	"3018752"	"1079.3433682473519"	"1078.3393279047962"
"12/11/2009 14:44:19.260"	"64196608"	"55762"	"3018752"	"1097.2739492305932"	"1097.2739492305932"
"12/11/2009 14:44:20.260"	"63758336"	"55774"	"3018752"	"1253.2661328015652"	"1253.2661328015652"
"12/11/2009 14:44:21.260"	"63815680"	"55682"	"3018752"	"2090.6084844902202"	"2090.6084844902202"
"12/11/2009 14:44:22.261"	"63909888"	"55630"	"3018752"	"2202.6509988344478"	"2201.6547749543779"
"12/11/2009 14:44:23.261"	"64290816"	"56150"	"3018752"	"9158.0321746129339"	"9148.0604496841297"
"12/11/2009 14:44:24.261"	"64311296"	"56210"	"3018752"	"3808.812418225471"	"3804.8314279790898"
"12/11/2009 14:44:25.261"	"64385024"	"56091"	"3018752"	"2140.9771033066813"	"2140.9771033066813"
"12/11/2009 14:44:26.262"	"64434176"	"56116"	"3018752"	"2494.3715196034041"	"2496.3543268526914"
"12/11/2009 14:44:27.262"	"64524288"	"56280"	"3018752"	"2831.6735342109478"	"2829.6595416546102"
"12/11/2009 14:44:28.262"	"64585728"	"56299"	"3018752"	"2020.3505413557978"	"2019.3543132782061"
"12/11/2009 14:44:29.262"	"64581632"	"56994"	"3018752"	"3179.0971528651062"	"3161.1305127547225"
"12/11/2009 14:44:30.263"	"63979520"	"57057"	"3018752"	"2818.0167443492523"	"2789.7962619308764"
"12/11/2009 14:44:31.263"	"64155648"	"57254"	"3018752"	"2472.9332666850414"	"2473.927610579969"
"12/11/2009 14:44:32.263"	"64446464"	"57320"	"3018752"	"2636.4389233683441"	"2636.4389233683441"
"12/11/2009 14:44:33.263"	"64040960"	"57083"	"3018752"	"2612.1848400710164"	"2609.1903599333727"
"12/11/2009 14:44:34.264"	"64065536"	"57096"	"3018752"	"2256.9011754493172"	"2256.9011754493172"
"12/11/2009 14:44:35.264"	"64167936"	"57218"	"3018752"	"2844.8728575182918"	"2844.8728575182918"
"12/11/2009 14:44:36.264"	"64319488"	"57275"	"3018752"	"2386.2920387328591"	"2383.3091736844431"
"12/11/2009 14:44:37.265"	"63819776"	"57283"	"3018752"	"2084.4571451392731"	"2071.3789873753685"
"12/11/2009 14:44:38.265"	"63885312"	"57294"	"3018752"	"2099.2499201740452"	"2098.24980110774"
"12/11/2009 14:44:39.265"	"63967232"	"57345"	"3018752"	"2218.2878655218487"	"2214.3070887331151"
"12/11/2009 14:44:40.265"	"64061440"	"57166"	"3018752"	"2811.2220070563149"	"2808.2067528478169"
"12/11/2009 14:44:41.266"	"64122880"	"57179"	"3018752"	"2493.0838186450633"	"2493.0838186450633"
"12/11/2009 14:44:42.266"	"64180224"	"57224"	"3018752"	"2890.0610705551876"	"2890.0610705551876"
"12/11/2009 14:44:43.266"	"64315392"	"57254"	"3018752"	"2228.1115954384109"	"2227.1115453506914"
"12/11/2009 14:44:44.266"	"64380928"	"57266"	"3018752"	"2756.1181688286761"	"2756.1181688286761"
"12/11/2009 14:44:45.267"	"64401408"	"57305"	"3018752"	"2611.6556234071531"	"2611.6556234071531"
"12/11/2009 14:44:46.267"	"63950848"	"57318"	"3018752"	"2686.8262303016545"	"2686.8262303016545"
"12/11/2009 14:44:47.267"	"64020480"	"57334"	"3018752"	"2776.4605667960986"	"2776.4605667960986"
"12/11/2009 14:44:48.267"	"64086016"	"57283"	"3018752"	"2646.2914329282357"	"2645.291322787295"
"12/11/2009 14:44:49.268"	"64172032"	"57246"	"3018752"	"1522.0458660713605"	"1531.1176626241038"
"12/11/2009 14:44:50.268"	"64262144"	"57376"	"3018752"	"1278.1581875003776"	"1269.1570735038961"
"12/11/2009 14:44:51.268"	"64356352"	"57363"	"3018752"	"1387.6739650690383"	"1387.6739650690383"
"12/11/2009 14:44:52.269"	"64401408"	"57379"	"3018752"	"1213.1431584698591"	"1213.1431584698591"
"12/11/2009 14:44:53.269"	"64417792"	"57263"	"3018752"	"1227.7354115109435"	"283.24601858339503"
"12/11/2009 14:44:54.269"	"63963136"	"57295"	"3018752"	"1370.4721925461504"	"1366.4911549497926"
"12/11/2009 14:44:55.269"	"64049152"	"57326"	"3018752"	"1207.2149594304365"	"1207.2149594304365"
"12/11/2009 14:44:56.270"	"64118784"	"57341"	"3018752"	"1190.1944257519831"	"1190.1944257519831"
"12/11/2009 14:44:57.286"	"64188416"	"57358"	"3018752"	"1200.7982892379985"	"1200.7982892379985"
"12/11/2009 14:44:58.286"	"64253952"	"57369"	"3018752"	"1192.6615595320554"	"1191.6701534144063"
"12/11/2009 14:44:59.286"	"64319488"	"57378"	"3018752"	"1210.1456129829292"	"1210.1456129829292"
"12/11/2009 14:45:00.286"	"64409600"	"57285"	"3018752"	"1212.4060805485951"	"1212.4060805485951"
"12/11/2009 14:45:01.287"	"64442368"	"57169"	"3018752"	"1226.1321979508557"	"1217.0869604249888"
"12/11/2009 14:45:02.287"	"64507904"	"57178"	"3018752"	"1170.5686549724533"	"1170.5686549724533"
"12/11/2009 14:45:03.287"	"64045056"	"57189"	"3018752"	"1163.6835767393575"	"1162.6795356895393"
"12/11/2009 14:45:04.287"	"64114688"	"57198"	"3018752"	"1175.695950709468"	"1175.695950709468"
"12/11/2009 14:45:05.288"	"64196608"	"57229"	"3018752"	"1148.6484941912518"	"1148.6484941912518"
"12/11/2009 14:45:06.288"	"64262144"	"57238"	"3018752"	"1164.2326755225397"	"1164.2326755225397"
"12/11/2009 14:45:07.288"	"64327680"	"57247"	"3018752"	"1181.679659153685"	"1181.679659153685"
"12/11/2009 14:45:08.289"	"64401408"	"57260"	"3018752"	"1224.5106322574493"	"1223.5036333822377"
"12/11/2009 14:45:09.289"	"64421888"	"57289"	"3018752"	"2473.8388557794788"	"2467.8440928010145"
"12/11/2009 14:45:10.289"	"64434176"	"57303"	"3018752"	"1246.1485059395491"	"1197.1426658183309"
"12/11/2009 14:45:11.289"	"63967232"	"57319"	"3018752"	"1243.1482392653472"	"1243.1482392653472"
"12/11/2009 14:45:12.290"	"64053248"	"57308"	"3018752"	"1232.3302948106743"	"1232.3302948106743"
"12/11/2009 14:45:13.290"	"64102400"	"57322"	"3018752"	"1166.1092855378288"	"1165.1022827005768"
"12/11/2009 14:45:14.290"	"64167936"	"57203"	"3018752"	"1197.9711983442905"	"1197.9711983442905"
"12/11/2009 14:45:15.290"	"64253952"	"57216"	"3018752"	"1208.4219102772408"	"1208.4219102772408"
"12/11/2009 14:45:16.291"	"64315392"	"57226"	"3018752"	"1187.5036939972856"	"1165.5866795107586"
"12/11/2009 14:45:17.291"	"64385024"	"57235"	"3018752"	"1144.5483488629334"	"1144.5483488629334"
"12/11/2009 14:45:18.291"	"64446464"	"57246"	"3018752"	"1178.895680796807"	"1177.8906546409701"
"12/11/2009 14:45:19.291"	"64507904"	"57001"	"3018752"	"1143.6027592195696"	"1143.6027592195696"
"12/11/2009 14:45:20.292"	"64073728"	"57011"	"3018752"	"1186.9811113956505"	"1186.9811113956505"
"12/11/2009 14:45:21.308"	"64135168"	"57023"	"3018752"	"1169.8570456244258"	"1169.8570456244258"
"12/11/2009 14:45:22.308"	"64200704"	"57032"	"3018752"	"1198.2904403479599"	"1198.2904403479599"
"12/11/2009 14:45:23.308"	"64262144"	"57052"	"3018752"	"1205.3770994934675"	"1178.6349617068418"
"12/11/2009 14:45:24.308"	"64331776"	"57079"	"3018752"	"1297.0173838796015"	"1292.9893795818389"
"12/11/2009 14:45:25.309"	"64413696"	"57088"	"3018752"	"1174.6984962387783"	"1174.6984962387783"
"12/11/2009 14:45:26.309"	"64475136"	"57103"	"3018752"	"1198.8251858136437"	"1198.8251858136437"
"12/11/2009 14:45:27.309"	"64540672"	"57112"	"3018752"	"1141.7906285955896"	"1137.8018403734216"
"12/11/2009 14:45:28.310"	"64077824"	"57123"	"3018752"	"1161.8682798735092"	"1160.8701112481883"
"12/11/2009 14:45:29.310"	"64151552"	"57132"	"3018752"	"1169.9914397377004"	"1169.9914397377004"
"12/11/2009 14:45:30.310"	"64237568"	"57141"	"3018752"	"1180.7545006011453"	"1180.7545006011453"
"12/11/2009 14:45:31.310"	"64303104"	"57150"	"3018752"	"1191.1423788984832"	"1191.1423788984832"
"12/11/2009 14:45:32.311"	"64376832"	"57165"	"3018752"	"1155.367459557157"	"1155.367459557157"
"12/11/2009 14:45:33.311"	"64438272"	"57176"	"3018752"	"1199.1697463460166"	"1198.1637314581424"
"12/11/2009 14:45:34.311"	"64507904"	"57185"	"3018752"	"1156.2331695229109"	"1156.2331695229109"
"12/11/2009 14:45:35.311"	"64589824"	"57197"	"3018752"	"1226.1465741359566"	"1216.145378588355"
"12/11/2009 14:45:36.312"	"64139264"	"57213"	"3018752"	"1168.4054599413876"	"1168.4054599413876"
"12/11/2009 14:45:37.312"	"64204800"	"57222"	"3018752"	"1183.0559312998469"	"1183.0559312998469"
"12/11/2009 14:45:38.312"	"64278528"	"57236"	"3018752"	"1163.188242457798"	"1162.1949134719246"
"12/11/2009 14:45:39.312"	"64360448"	"57266"	"3018752"	"1328.2354359933956"	"1318.1654175249089"
"12/11/2009 14:45:40.313"	"64450560"	"57277"	"3018752"	"1166.167995424875"	"1163.1880090651864"
"12/11/2009 14:45:41.313"	"64524288"	"57289"	"3018752"	"1183.3836706889865"	"1183.3836706889865"
"12/11/2009 14:45:42.313"	"64598016"	"57298"	"3018752"	"1150.3984286256364"	"1150.3984286256364"
"12/11/2009 14:45:43.314"	"64655360"	"57184"	"3018752"	"1201.5285435630701"	"1200.5205498184703"
"12/11/2009 14:45:44.314"	"64729088"	"57193"	"3018752"	"1228.54897549165"	"1228.54897549165"
"12/11/2009 14:45:45.314"	"64290816"	"57202"	"3018752"	"1174.9922943823474"	"1118.0411372566723"
"12/11/2009 14:45:46.314"	"64364544"	"57213"	"3018752"	"1194.6410479004032"	"1181.5242120704158"
"12/11/2009 14:45:47.315"	"64385024"	"57097"	"3018752"	"1172.4289069374383"	"1172.4289069374383"
"12/11/2009 14:45:48.315"	"64458752"	"57108"	"3018752"	"1179.9220064502927"	"1178.9296414322521"
"12/11/2009 14:45:49.315"	"64528384"	"57120"	"3018752"	"1188.4251036553592"	"1165.2412381896481"
"12/11/2009 14:45:50.315"	"64614400"	"57132"	"3018752"	"1226.1468234343342"	"1226.1468234343342"
"12/11/2009 14:45:51.316"	"64679936"	"57141"	"3018752"	"1205.3205536028961"	"1205.3205536028961"
"12/11/2009 14:45:52.316"	"64696320"	"56894"	"3018752"	"1205.1415944416681"	"1205.1415944416681"
"12/11/2009 14:45:53.316"	"64237568"	"56909"	"3018752"	"1187.1859785905949"	"1183.2088061330051"
"12/11/2009 14:45:54.316"	"64299008"	"56942"	"3018752"	"1264.2732424561871"	"1260.3037817263405"
"12/11/2009 14:45:55.317"	"64380928"	"56957"	"3018752"	"1196.4898784880033"	"1196.4898784880033"
"12/11/2009 14:45:56.317"	"64450560"	"56969"	"3018752"	"1178.9883888789523"	"1178.9883888789523"
"12/11/2009 14:45:57.317"	"64516096"	"56978"	"3018752"	"1177.1408391845423"	"1177.1408391845423"
"12/11/2009 14:45:58.318"	"64577536"	"56989"	"3018752"	"1144.5474954775345"	"1143.552236785815"
"12/11/2009 14:45:59.318"	"64643072"	"56998"	"3018752"	"1184.2359978865195"	"1184.2359978865195"
"12/11/2009 14:46:00.318"	"64729088"	"57010"	"3018752"	"1179.0809753164972"	"1179.0809753164972"
"12/11/2009 14:46:01.318"	"64790528"	"57019"	"3018752"	"1161.0059235796234"	"1161.0059235796234"
"12/11/2009 14:46:02.319"	"64331776"	"57034"	"3018752"	"1173.5977019177831"	"1173.5977019177831"
"12/11/2009 14:46:03.319"	"64397312"	"57045"	"3018752"	"1157.9621448034347"	"1120.2887188594873"
"12/11/2009 14:46:04.319"	"64462848"	"57057"	"3018752"	"1180.5146383898693"	"1180.5146383898693"
"12/11/2009 14:46:05.319"	"64548864"	"57066"	"3018752"	"1158.352314211432"	"1158.352314211432"
"12/11/2009 14:46:06.320"	"64614400"	"57078"	"3018752"	"1170.9956065686304"	"1170.9956065686304"
"12/11/2009 14:46:07.320"	"64688128"	"57087"	"3018752"	"1169.2734880461128"	"1169.2734880461128"
"12/11/2009 14:46:08.320"	"64761856"	"57098"	"3018752"	"1146.1365303066641"	"1145.136411170271"
"12/11/2009 14:46:09.321"	"64835584"	"57127"	"3018752"	"1321.7042572432676"	"1218.1972973386744"
"12/11/2009 14:46:10.321"	"64401408"	"57140"	"3018752"	"1203.3685954592636"	"1200.347586433006"
"12/11/2009 14:46:11.321"	"64475136"	"57149"	"3018752"	"1168.138697522789"	"290.03443688493905"
"12/11/2009 14:46:12.321"	"64548864"	"57158"	"3018752"	"1219.9983780581758"	"1219.9983780581758"
"12/11/2009 14:46:13.322"	"64622592"	"57169"	"3018752"	"1176.989146176857"	"1175.9900042870634"
"12/11/2009 14:46:14.322"	"64700416"	"57189"	"3018752"	"1217.8222471252989"	"1217.8222471252989"
"12/11/2009 14:46:15.322"	"64794624"	"57198"	"3018752"	"1170.2807951376747"	"1170.2807951376747"
"12/11/2009 14:46:16.322"	"64868352"	"57209"	"3018752"	"1199.1420254453838"	"1194.1414331791395"
"12/11/2009 14:46:17.323"	"64942080"	"57218"	"3018752"	"1143.4387594473999"	"1143.4387594473999"
"12/11/2009 14:46:18.323"	"64495616"	"57232"	"3018752"	"1183.226551594305"	"1182.2195502737993"
"12/11/2009 14:46:19.323"	"64569344"	"57244"	"3018752"	"1220.1452408346408"	"1220.1452408346408"
"12/11/2009 14:46:20.323"	"64667648"	"57253"	"3018752"	"1196.3016478415491"	"1196.3016478415491"
"12/11/2009 14:46:21.323"	"64684032"	"57140"	"3018752"	"1200.7961672512431"	"1200.7961672512431"
"12/11/2009 14:46:22.324"	"64757760"	"57149"	"3018752"	"1168.5507423755546"	"1168.5507423755546"
"12/11/2009 14:46:23.324"	"64823296"	"57160"	"3018752"	"1173.9704155267079"	"1172.9780483115542"
"12/11/2009 14:46:24.324"	"64917504"	"57192"	"3018752"	"1305.8794680685648"	"1299.8846120560083"
"12/11/2009 14:46:25.324"	"64937984"	"57073"	"3018752"	"1171.4331016495501"	"1171.4331016495501"
"12/11/2009 14:46:26.325"	"65003520"	"57082"	"3018752"	"1157.3994451639824"	"1157.3994451639824"
"12/11/2009 14:46:27.325"	"64548864"	"57092"	"3018752"	"1157.0984295494416"	"1157.0984295494416"
"12/11/2009 14:46:28.325"	"64618496"	"57105"	"3018752"	"1142.0581017020443"	"1141.050106907956"
"12/11/2009 14:46:29.325"	"64643072"	"56986"	"3018752"	"1162.0041651646759"	"1162.0041651646759"
"12/11/2009 14:46:30.325"	"64172032"	"56870"	"3018752"	"1167.3196312489201"	"1167.3196312489201"
"12/11/2009 14:46:31.326"	"64229376"	"56879"	"3018752"	"1181.4459547200681"	"1181.4459547200681"
"12/11/2009 14:46:32.326"	"64217088"	"57563"	"2920448"	"3992.1675065227528"	"3698.143724007019"
"12/11/2009 14:46:33.326"	"64286720"	"57455"	"2920448"	"1188.8553083279055"	"1187.8629416264632"
"12/11/2009 14:46:34.326"	"64348160"	"57466"	"2920448"	"1168.2642385923252"	"1168.2642385923252"
"12/11/2009 14:46:35.327"	"63381504"	"57348"	"2920448"	"1241.3598622852091"	"1242.3609589483424"
"12/11/2009 14:46:36.327"	"63447040"	"57358"	"2920448"	"1178.7823839242128"	"1177.7909773775987"
"12/11/2009 14:46:37.327"	"63512576"	"57372"	"2920448"	"1206.9259224146263"	"1206.9259224146263"
"12/11/2009 14:46:38.327"	"63578112"	"57391"	"2920448"	"1156.2849463938326"	"1155.2907203006305"
"12/11/2009 14:46:39.327"	"63643648"	"57421"	"2920448"	"1356.2001992264304"	"1348.1515333556504"
"12/11/2009 14:46:40.328"	"63729664"	"57434"	"2920448"	"1214.3312719533162"	"1184.2983468431764"
"12/11/2009 14:46:41.328"	"63799296"	"57449"	"2920448"	"1179.772613207341"	"1179.772613207341"
"12/11/2009 14:46:42.328"	"63864832"	"57458"	"2920448"	"1226.1171406148883"	"1226.1171406148883"
"12/11/2009 14:46:43.328"	"63922176"	"57341"	"2920448"	"1137.4704511257448"	"1136.4761587733622"
"12/11/2009 14:46:44.329"	"63463424"	"57350"	"2920448"	"1175.3221538429223"	"1175.3221538429223"
"12/11/2009 14:46:45.329"	"63541248"	"57362"	"2920448"	"1151.1442648762356"	"1151.1442648762356"
"12/11/2009 14:46:46.329"	"63602688"	"57374"	"2920448"	"1216.9570070160867"	"1216.9570070160867"
"12/11/2009 14:46:47.329"	"63668224"	"57388"	"2920448"	"1246.8886513174734"	"1241.8486810211214"
"12/11/2009 14:46:48.329"	"63737856"	"57399"	"2920448"	"1176.5446189318634"	"1175.5483914814554"
"12/11/2009 14:46:49.330"	"63795200"	"57414"	"2920448"	"1168.8674412910593"	"911.10193260940071"
"12/11/2009 14:46:50.330"	"63881216"	"57426"	"2920448"	"1138.9192832486203"	"1138.9192832486203"
"12/11/2009 14:46:51.330"	"63946752"	"57435"	"2920448"	"1155.2644206982143"	"1155.2644206982143"
"12/11/2009 14:46:52.330"	"63492096"	"57445"	"2920448"	"1171.9961485357592"	"1171.9961485357592"
"12/11/2009 14:46:53.331"	"63553536"	"57457"	"2920448"	"1197.6499811910771"	"1190.6285826413807"
"12/11/2009 14:46:54.331"	"63623168"	"57356"	"2920448"	"1354.5804660673077"	"1350.6109995000777"
"12/11/2009 14:46:55.331"	"63713280"	"57365"	"2920448"	"1203.3680844119956"	"1203.3680844119956"
"12/11/2009 14:46:56.331"	"63774720"	"57374"	"2920448"	"1200.314642857744"	"1200.314642857744"
"12/11/2009 14:46:57.331"	"63852544"	"57387"	"2920448"	"1185.8758341337787"	"1185.8758341337787"
"12/11/2009 14:46:58.332"	"63926272"	"57399"	"2920448"	"1217.0297738392185"	"1216.0197906244141"
"12/11/2009 14:46:59.332"	"63987712"	"57411"	"2920448"	"1166.0318656982874"	"1166.0318656982874"
"12/11/2009 14:47:00.332"	"63561728"	"57421"	"2920448"	"1159.1915235699241"	"1159.1915235699241"
"12/11/2009 14:47:01.332"	"63623168"	"57430"	"2920448"	"1168.1392483303337"	"1168.1392483303337"
"12/11/2009 14:47:02.333"	"63709184"	"57440"	"2920448"	"1183.2087969734257"	"1183.2087969734257"
"12/11/2009 14:47:03.333"	"63774720"	"57451"	"2920448"	"1200.6255630016831"	"1199.6283656902199"
"12/11/2009 14:47:04.333"	"63848448"	"57460"	"2920448"	"1138.4704201941524"	"1138.4704201941524"
"12/11/2009 14:47:05.333"	"63934464"	"57469"	"2920448"	"1179.1403302051428"	"1179.1403302051428"
"12/11/2009 14:47:06.333"	"64016384"	"57487"	"2920448"	"1212.3270332900913"	"1212.3270332900913"
"12/11/2009 14:47:07.334"	"64090112"	"57499"	"2920448"	"1180.0759045355278"	"1180.0759045355278"
"12/11/2009 14:47:08.334"	"64163840"	"57513"	"2920448"	"1158.9819287712905"	"1157.9679463314208"
"12/11/2009 14:47:09.334"	"63725568"	"57542"	"2920448"	"1316.728400708183"	"1307.8315871898844"
"12/11/2009 14:47:10.334"	"63819776"	"57556"	"2920448"	"1199.1687914347597"	"1195.1447350876633"
"12/11/2009 14:47:11.335"	"63889408"	"57569"	"2920448"	"1422.9428300722195"	"1422.9428300722195"
"12/11/2009 14:47:12.335"	"64184320"	"57458"	"2920448"	"2663.5025796768532"	"2663.5025796768532"
"12/11/2009 14:47:13.335"	"63963136"	"57477"	"2920448"	"1603.5849910573779"	"1602.5789778885842"
"12/11/2009 14:47:14.335"	"63983616"	"57456"	"2920448"	"3242.6619149023722"	"3192.8514400190793"
"12/11/2009 14:47:15.336"	"64106496"	"57657"	"2920448"	"13011.817436611631"	"13013.831338087659"
"12/11/2009 14:47:16.336"	"64278528"	"57678"	"3018752"	"5179.49104035854"	"5177.4908507310602"
"12/11/2009 14:47:17.336"	"63750144"	"57787"	"3018752"	"7787.425664246357"	"7767.55978244981"
"12/11/2009 14:47:18.336"	"63836160"	"57694"	"3018752"	"2433.2397918094443"	"2432.2318217217025"
"12/11/2009 14:47:19.336"	"63913984"	"57676"	"3018752"	"6932.6448866054998"	"6912.6632036926721"
"12/11/2009 14:47:20.337"	"64020480"	"57753"	"3018752"	"6896.5839548445056"	"6881.539050929051"
"12/11/2009 14:47:21.337"	"64077824"	"57763"	"3018752"	"1481.7301075889018"	"1481.7301075889018"
"12/11/2009 14:47:22.337"	"64143360"	"57763"	"3018752"	"4734.899207356455"	"4720.9934828120895"
"12/11/2009 14:47:23.337"	"64458752"	"57836"	"3018752"	"1629.0087363014925"	"1628.0105691836607"
"12/11/2009 14:47:24.338"	"64757760"	"57938"	"3018752"	"3729.6272324948927"	" "
"12/11/2009 14:47:25.338"	"63750144"	"57660"	"3018752"	"1626.4006567243196"	"1626.4006567243196"
"12/11/2009 14:47:26.338"	"63467520"	"57930"	"3018752"	"1771.9539377276299"	"1771.9539377276299"
"12/11/2009 14:47:27.338"	"63332352"	"57891"	"3018752"	"6102.5237082872518"	"6101.5098316120084"
"12/11/2009 14:47:28.338"	"63254528"	"57971"	"3018752"	"6660.7395905121402"	"6642.8075964006803"
"12/11/2009 14:47:29.339"	"63488000"	"57983"	"3018752"	"7566.2132147869634"	"7566.2132147869634"
"12/11/2009 14:47:30.339"	"63672320"	"57933"	"3018752"	"2208.2618827311226"	"2208.2618827311226"
"12/11/2009 14:47:31.339"	"63754240"	"58087"	"3018752"	"4141.242943719406"	"4141.242943719406"
"12/11/2009 14:47:32.339"	"63823872"	"58068"	"3018752"	"3139.888611402851"	"3138.8952901085127"
"12/11/2009 14:47:33.340"	"63815680"	"57846"	"3018752"	"5809.9833549179184"	"4318.1763866183837"
"12/11/2009 14:47:34.340"	"63176704"	"57381"	"3018752"	"7515.995572698288"	" "
"12/11/2009 14:47:35.340"	"63107072"	"57257"	"3018752"	"8818.5404923746028"	"8804.4292148693748"
"12/11/2009 14:47:36.340"	"63332352"	"57112"	"3018752"	"5534.3606518380811"	"5519.3461085612553"
"12/11/2009 14:47:37.340"	"63901696"	"57130"	"3018752"	"9848.9895919655955"	"9824.0352249037587"
"12/11/2009 14:47:38.341"	"64061440"	"57169"	"3018752"	"3158.7891439943523"	"3143.8327560019552"
"12/11/2009 14:47:39.341"	"64086016"	"57195"	"3018752"	"3669.5025193006709"	"3662.5357393616673"
"12/11/2009 14:47:40.341"	"64176128"	"57206"	"3018752"	"1461.2324785972917"	"1456.1728093500712"
"12/11/2009 14:47:41.341"	"64237568"	"57222"	"3018752"	"1522.1128127402606"	"1522.1128127402606"
"12/11/2009 14:47:42.342"	"64299008"	"57232"	"3018752"	"1374.0527825766908"	"1374.0527825766908"
"12/11/2009 14:47:43.357"	"63848448"	"57245"	"3018752"	"1641.6961569919995"	"1640.704794578357"
"12/11/2009 14:47:44.358"	"63913984"	"57254"	"3018752"	"1424.3257814001877"	"1424.3257814001877"
"12/11/2009 14:47:45.358"	"64000000"	"57269"	"3018752"	"1359.4660975280779"	"1359.4660975280779"
"12/11/2009 14:47:46.358"	"64053248"	"57151"	"3018752"	"1379.7574806207037"	"1379.7574806207037"
"12/11/2009 14:47:47.358"	"64114688"	"57162"	"3018752"	"1328.3188076966289"	"1323.3475546738123"
"12/11/2009 14:47:48.359"	"64180224"	"57176"	"3018752"	"1353.6780779433229"	"1352.6701270289943"
"12/11/2009 14:47:49.359"	"64249856"	"57188"	"3018752"	"1347.7832518139728"	"1347.7832518139728"
"12/11/2009 14:47:50.359"	"64331776"	"57201"	"3018752"	"1335.9701031128361"	"1335.9701031128361"
"12/11/2009 14:47:51.359"	"63868928"	"57211"	"3018752"	"1322.1002223245457"	"1322.1002223245457"
"12/11/2009 14:47:52.359"	"63934464"	"57220"	"3018752"	"1376.1041572160368"	"1376.1041572160368"
"12/11/2009 14:47:53.360"	"63995904"	"57231"	"3018752"	"1326.4180325732857"	"1324.429399840792"
"12/11/2009 14:47:54.360"	"64065536"	"57258"	"3018752"	"1433.9069891195238"	"1429.8791604984015"
"12/11/2009 14:47:55.360"	"64151552"	"57267"	"3018752"	"1370.4007522962424"	"449.52320115148285"
"12/11/2009 14:47:56.360"	"64221184"	"57276"	"3018752"	"1354.0005230577851"	"1354.0005230577851"
"12/11/2009 14:47:57.361"	"64282624"	"57285"	"3018752"	"1357.427919147701"	"1357.427919147701"
"12/11/2009 14:47:58.361"	"64352256"	"57040"	"3018752"	"1371.3595696593859"	"1370.3672689577511"
"12/11/2009 14:47:59.361"	"63897600"	"57049"	"3018752"	"1369.8354970195669"	"1369.8354970195669"
"12/11/2009 14:48:00.361"	"63979520"	"57066"	"3018752"	"1347.1015873271326"	"1337.1008331524692"
"12/11/2009 14:48:01.361"	"64049152"	"57075"	"3018752"	"1331.6955969256865"	"1331.6955969256865"
"12/11/2009 14:48:02.362"	"64110592"	"57084"	"3018752"	"1325.6919168905172"	"1325.6919168905172"
"12/11/2009 14:48:03.378"	"64180224"	"57098"	"3018752"	"1358.490735717498"	"1357.4984123166819"
"12/11/2009 14:48:04.378"	"64217088"	"56979"	"3018752"	"1551.9890132876776"	"1551.9890132876776"
"12/11/2009 14:48:05.378"	"64299008"	"56988"	"3018752"	"1380.7614947084414"	"1380.7614947084414"
"12/11/2009 14:48:06.378"	"64360448"	"56997"	"3018752"	"1330.7944385570368"	"1330.7944385570368"
"12/11/2009 14:48:07.378"	"64430080"	"57006"	"3018752"	"1345.2209378077148"	"1345.2209378077148"
"12/11/2009 14:48:08.379"	"63971328"	"57018"	"3018752"	"1399.1756834629978"	"1398.1833602832369"
"12/11/2009 14:48:09.379"	"64032768"	"57048"	"3018752"	"1423.838047021919"	"1419.8102166201597"
"12/11/2009 14:48:10.379"	"64118784"	"57061"	"3018752"	"1363.7831478534608"	"1360.8032866418364"
"12/11/2009 14:48:11.379"	"64180224"	"57070"	"3018752"	"1341.1026698344835"	"1341.1026698344835"
"12/11/2009 14:48:12.380"	"64249856"	"57080"	"3018752"	"1354.6847466314553"	"1354.6847466314553"
"12/11/2009 14:48:13.380"	"64311296"	"57091"	"3018752"	"1394.9346036302534"	"1393.940352309063"
"12/11/2009 14:48:14.380"	"64376832"	"57103"	"3018752"	"1367.4459764937931"	"1335.223390891583"
"12/11/2009 14:48:15.380"	"64458752"	"57112"	"3018752"	"1364.1152120461677"	"1361.1324528361542"
"12/11/2009 14:48:16.380"	"64000000"	"57124"	"3018752"	"1380.7551028809801"	"1380.7551028809801"
"12/11/2009 14:48:17.381"	"64069632"	"57136"	"3018752"	"1343.409942995637"	"1343.409942995637"
"12/11/2009 14:48:18.381"	"64126976"	"57025"	"3018752"	"1365.7751686816271"	"1364.7672165276183"
"12/11/2009 14:48:19.381"	"64192512"	"57040"	"3018752"	"1444.2379293654089"	"1444.2379293654089"
"12/11/2009 14:48:20.381"	"64274432"	"57049"	"3018752"	"1374.8439963881262"	"1374.8439963881262"
"12/11/2009 14:48:21.382"	"64339968"	"57058"	"3018752"	"1357.7544381942041"	"1357.7544381942041"
"12/11/2009 14:48:22.382"	"64405504"	"57070"	"3018752"	"1404.7326357696077"	"1404.7326357696077"
"12/11/2009 14:48:23.382"	"64471040"	"57082"	"3018752"	"1366.7620542584368"	"1365.7687678817954"
"12/11/2009 14:48:24.382"	"64532480"	"57113"	"3018752"	"1511.1147539205515"	"1507.1144501378367"
"12/11/2009 14:48:25.382"	"64090112"	"57123"	"3018752"	"1360.1341186909574"	"1360.1341186909574"
"12/11/2009 14:48:26.383"	"64155648"	"57132"	"3018752"	"1363.7701770985097"	"1363.7701770985097"
"12/11/2009 14:48:27.383"	"64217088"	"57144"	"3018752"	"1465.5600358447102"	"1465.5600358447102"
"12/11/2009 14:48:28.383"	"64282624"	"57027"	"3018752"	"1390.4624068920114"	"1388.4603011945428"
"12/11/2009 14:48:29.383"	"64344064"	"57039"	"3018752"	"1369.0829505970748"	"1369.0829505970748"
"12/11/2009 14:48:30.384"	"63909888"	"57048"	"3018752"	"1384.5675822622811"	"1384.5675822622811"
"12/11/2009 14:48:31.384"	"63975424"	"57060"	"3018752"	"1375.1045401112365"	"1375.1045401112365"
"12/11/2009 14:48:32.384"	"64045056"	"57072"	"3018752"	"1373.7140018496546"	"1373.7140018496546"
"12/11/2009 14:48:33.384"	"63586304"	"56955"	"3018752"	"1356.774444620894"	"1355.775347091718"
"12/11/2009 14:48:34.384"	"63651840"	"56970"	"3018752"	"1339.8811622989219"	"1333.8274823487764"
"12/11/2009 14:48:35.385"	"63741952"	"56985"	"3018752"	"1339.253644700543"	"1327.3226545473087"
"12/11/2009 14:48:36.385"	"63799296"	"56866"	"3018752"	"1313.0744610183247"	"1313.0744610183247"
"12/11/2009 14:48:37.385"	"63864832"	"56875"	"3018752"	"1339.2538554985156"	"1339.2538554985156"
"12/11/2009 14:48:38.385"	"63930368"	"56889"	"3018752"	"1354.3611880956437"	"1353.3542281044945"
"12/11/2009 14:48:39.386"	"64000000"	"56916"	"3018752"	"1479.4444866697693"	"1475.4674853615172"
"12/11/2009 14:48:40.386"	"64081920"	"56933"	"3018752"	"1403.6954670050511"	"1387.5841847438742"
"12/11/2009 14:48:41.386"	"64143360"	"56942"	"3018752"	"1363.7801390987049"	"1363.7801390987049"
"12/11/2009 14:48:42.386"	"63684608"	"56952"	"3018752"	"1354.8421124843583"	"1354.8421124843583"
"12/11/2009 14:48:43.386"	"63754240"	"56969"	"3018752"	"1364.7678847263792"	"1363.7599320788706"
"12/11/2009 14:48:44.387"	"63815680"	"56978"	"3018752"	"1325.3910207848162"	"1327.3931220246725"
"12/11/2009 14:48:45.387"	"64589824"	"57130"	"3018752"	"4693.7090646450597"	" "
"12/11/2009 14:48:46.387"	"63868928"	"57024"	"3018752"	"1605.0965699809865"	"1605.0965699809865"
"12/11/2009 14:48:47.387"	"63868928"	"57041"	"3018752"	"1456.5778197219838"	"1456.5778197219838"
"12/11/2009 14:48:48.388"	"63721472"	"57063"	"3018752"	"1489.7574307157965"	"1479.6778811169077"
"12/11/2009 14:48:49.388"	"63725568"	"57072"	"3018752"	"1286.9405988450105"	"1285.9406449997541"
"12/11/2009 14:48:50.388"	"63750144"	"57081"	"3018752"	"1272.7477377952582"	"1273.7499013683253"
"12/11/2009 14:48:51.388"	"63750144"	"56968"	"3018752"	"1229.8925641813987"	"1229.8925641813987"
"12/11/2009 14:48:52.388"	"63737856"	"56852"	"3018752"	"1263.7005849705474"	"1263.7005849705474"
"12/11/2009 14:48:53.389"	"63737856"	"56863"	"3018752"	"1264.9813673454162"	"1265.9893206261695"
"12/11/2009 14:48:54.389"	"63741952"	"56872"	"3018752"	"1328.0287456871413"	"1321.0757156050097"
"12/11/2009 14:48:55.389"	"63758336"	"56881"	"3018752"	"1247.6620416575777"	"1247.6620416575777"
"12/11/2009 14:48:56.389"	"63758336"	"56890"	"3018752"	"1220.2871487418245"	"1220.2871487418245"
"12/11/2009 14:48:57.390"	"63754240"	"56771"	"3018752"	"1255.3546818738726"	"1255.3546818738726"
"12/11/2009 14:48:58.390"	"63754240"	"56785"	"3018752"	"1228.5045850066965"	"1227.5122549703422"
"12/11/2009 14:48:59.390"	"63758336"	"56794"	"3018752"	"1255.3256018339996"	"1255.3256018339996"
"12/11/2009 14:49:00.390"	"63778816"	"56803"	"3018752"	"1311.8540584534401"	"1311.8540584534401"
"12/11/2009 14:49:01.391"	"63778816"	"56812"	"3018752"	"1242.8034101793321"	"1242.8034101793321"
"12/11/2009 14:49:02.391"	"63778816"	"56821"	"3018752"	"1269.191454443999"	"1269.191454443999"
"12/11/2009 14:49:03.407"	"63778816"	"56835"	"3018752"	"1290.8377067074007"	"1289.8386063152122"
"12/11/2009 14:49:04.407"	"63778816"	"56853"	"3018752"	"1322.0739302977586"	"1322.0739302977586"
"12/11/2009 14:49:05.423"	"63795200"	"56867"	"3018752"	"1269.9392663433639"	"1266.9651697008737"
"12/11/2009 14:49:06.423"	"63799296"	"56876"	"3018752"	"1269.42518638825"	"1269.42518638825"
"12/11/2009 14:49:07.423"	"63799296"	"56888"	"3018752"	"1232.4968348515181"	"1231.5036867170688"
"12/11/2009 14:49:08.423"	"63799296"	"56899"	"3018752"	"1286.0767658051318"	"1286.0767658051318"
"12/11/2009 14:49:09.424"	"63799296"	"56908"	"3018752"	"1264.6878823354723"	"1264.6878823354723"
"12/11/2009 14:49:10.424"	"63815680"	"56925"	"3018752"	"1280.6086751359358"	"1270.548905496219"
"12/11/2009 14:49:11.424"	"63819776"	"56934"	"3018752"	"1239.8311671843735"	"1239.8311671843735"
"12/11/2009 14:49:12.424"	"63819776"	"56943"	"3018752"	"1240.7932150573968"	"1240.7932150573968"
"12/11/2009 14:49:13.424"	"63819776"	"56957"	"3018752"	"1256.7356513282587"	"1255.7413984395496"
"12/11/2009 14:49:14.425"	"63819776"	"56966"	"3018752"	"1259.330072336699"	"1259.330072336699"
"12/11/2009 14:49:15.425"	"63832064"	"56975"	"3018752"	"1267.8616007611781"	"1267.8616007611781"
