"(PDH-TSV 4.0) (Iran Standard Time)(-210)"	"\\SALAVATI-ADBF30\Memory\Cache Bytes"	"\\SALAVATI-ADBF30\Memory\Pool Paged Allocs"	"\\SALAVATI-ADBF30\Memory\System Driver Total Bytes"	"\\SALAVATI-ADBF30\System\Context Switches/sec"	"\\SALAVATI-ADBF30\Thread(_Total/_Total)\Context Switches/sec"
"12/11/2009 13:36:09.937"	"68898816"	"70859"	"3018752"	"2842.8912625007542"	"2202.4777665796055"
"12/11/2009 13:36:10.937"	"68550656"	"70890"	"3018752"	"6698.5803260203902"	"6694.5667967657337"
"12/11/2009 13:36:11.937"	"68620288"	"71070"	"3018752"	"5896.9069804120509"	"5626.0278858541888"
"12/11/2009 13:36:12.937"	"68595712"	"70888"	"3018752"	"4269.4678619317674"	"4280.4793851395634"
"12/11/2009 13:36:13.937"	"68546560"	"70892"	"3018752"	"6164.4647010485478"	"6155.4464659527348"
"12/11/2009 13:36:14.937"	"68616192"	"71060"	"3018752"	"6741.8289692825874"	"6738.8317127757928"
"12/11/2009 13:36:15.937"	"68845568"	"71024"	"3018752"	"6253.0601591940494"	"6253.0601591940494"
"12/11/2009 13:36:16.937"	"68980736"	"71051"	"3018752"	"6203.4059129487778"	"6202.4039090862434"
"12/11/2009 13:36:17.937"	"68993024"	"71032"	"3018752"	"7531.3183101353716"	"7498.4130401453722"
"12/11/2009 13:36:18.937"	"69517312"	"70997"	"3018752"	"6741.950497500211"	"6718.0675732286236"
"12/11/2009 13:36:19.937"	"68952064"	"70933"	"3018752"	"6988.0332319285935"	"6964.9173446375889"
"12/11/2009 13:36:20.937"	"69009408"	"71086"	"3018752"	"5985.4931304008096"	"5982.4958879719661"
"12/11/2009 13:36:21.937"	"69079040"	"71078"	"3018752"	"7364.9042630499489"	"7345.9662225846696"
"12/11/2009 13:36:22.937"	"69120000"	"71113"	"3018752"	"5987.3215707467016"	"5961.2592300737715"
"12/11/2009 13:36:23.937"	"69083136"	"71022"	"3018752"	"6404.8206874159905"	"6404.8206874159905"
"12/11/2009 13:36:24.937"	"69140480"	"70932"	"3018752"	"6993.9878915261934"	"6985.9592069039791"
"12/11/2009 13:36:25.937"	"69185536"	"70976"	"3018752"	"7388.7951311183633"	"7239.2934371291403"
"12/11/2009 13:36:26.937"	"69189632"	"71005"	"3018752"	"5808.1359876042116"	"5809.1415513139764"
"12/11/2009 13:36:27.937"	"69193728"	"71004"	"3018752"	"6152.6095931974878"	"6147.6414006965206"
"12/11/2009 13:36:28.937"	"69361664"	"70986"	"3018752"	"5247.8158484805454"	"5244.8050533867527"
"12/11/2009 13:36:29.937"	"69324800"	"71099"	"3018752"	"6724.1569338404133"	"6727.1512147965541"
"12/11/2009 13:36:30.937"	"69390336"	"70981"	"3018752"	"6142.0249346452247"	"6057.8601557691727"
"12/11/2009 13:36:31.937"	"69980160"	"70997"	"3018752"	"6473.0738497458797"	"6471.0833596321818"
"12/11/2009 13:36:32.937"	"69337088"	"70815"	"3018752"	"5317.3654029238869"	"5317.3654029238869"
"12/11/2009 13:36:33.937"	"69480448"	"70921"	"3018752"	"5430.4900140840573"	"5430.4900140840573"
"12/11/2009 13:36:34.937"	"69529600"	"71020"	"3018752"	"6291.4506059095929"	"5456.1702978703861"
"12/11/2009 13:36:35.937"	"69447680"	"70770"	"3018752"	"6757.8841191525644"	"6767.9931455088135"
"12/11/2009 13:36:36.937"	"69513216"	"70806"	"3018752"	"5723.74506173996"	"5717.7797203520076"
"12/11/2009 13:36:37.937"	"69660672"	"70905"	"3018752"	"6651.8013751598019"	"6646.7864464993982"
"12/11/2009 13:36:38.937"	"69632000"	"70815"	"3018752"	"12632.461147968799"	"12491.456000576176"
"12/11/2009 13:36:39.937"	"69767168"	"71080"	"3018752"	"9367.6319041666138"	"9363.6371784079074"
"12/11/2009 13:36:40.937"	"69713920"	"71008"	"3018752"	"5424.9330871280417"	"5425.9354768337189"
"12/11/2009 13:36:41.937"	"69865472"	"71081"	"3018752"	"7197.2155172051562"	"7191.2269867512341"
"12/11/2009 13:36:42.937"	"69873664"	"71103"	"3018752"	"8441.5481875600872"	"8430.579958164486"
"12/11/2009 13:36:43.953"	"69894144"	"71077"	"3018752"	"5206.6276634704382"	"5206.6276634704382"
"12/11/2009 13:36:44.953"	"69947392"	"71106"	"3018752"	"5121.3177559552114"	"5126.3083209093675"
"12/11/2009 13:36:45.953"	"69935104"	"71028"	"3018752"	"5798.9087713854033"	"5793.9328757518142"
"12/11/2009 13:36:46.953"	"69914624"	"70977"	"3018752"	"5233.7633712823535"	"5232.7584243984666"
"12/11/2009 13:36:47.953"	"69951488"	"71004"	"3018752"	"5811.2850066137162"	"5816.2706663654444"
"12/11/2009 13:36:48.953"	"70025216"	"71161"	"3018752"	"10414.739545632949"	"10410.73156428"
"12/11/2009 13:36:49.953"	"71475200"	"71216"	"3018752"	"6747.9571365240281"	"6739.0352011297691"
"12/11/2009 13:36:50.953"	"71229440"	"71113"	"3018752"	"5482.32644274824"	"5482.32644274824"
"12/11/2009 13:36:51.953"	"70656000"	"71234"	"3018752"	"7292.5413348236634"	"7291.5426301763309"
"12/11/2009 13:36:52.968"	"70762496"	"71460"	"3018752"	"6037.2258878034208"	"6036.2312871629265"
"12/11/2009 13:36:53.968"	"70520832"	"71471"	"3018752"	"6562.2457613263905"	"6557.2938704711787"
"12/11/2009 13:36:54.968"	"70488064"	"71350"	"3018752"	"5916.1108157144272"	"5921.1604152498612"
"12/11/2009 13:36:55.968"	"70492160"	"71288"	"3018752"	"5574.3131666869085"	"5574.3131666869085"
"12/11/2009 13:36:56.968"	"70852608"	"71294"	"3018752"	"5360.0274983841755"	"5339.9675152315403"
"12/11/2009 13:36:57.968"	"72601600"	"71349"	"3018752"	"5610.9769405674897"	"5605.9929496805044"
"12/11/2009 13:36:58.968"	"73560064"	"71410"	"3018752"	"6343.2151744833318"	"6348.2098321010353"
"12/11/2009 13:36:59.968"	"74280960"	"71293"	"3018752"	"7181.7658799283709"	"7150.6455637027939"
"12/11/2009 13:37:00.968"	"79314944"	"72775"	"3018752"	"9278.6384080831158"	"9274.6203769439653"
"12/11/2009 13:37:01.968"	"74887168"	"72880"	"3018752"	"6782.7838364983008"	"6789.7681681922531"
"12/11/2009 13:37:02.968"	"78479360"	"74717"	"3018752"	"14564.169172268284"	"2880.5269835755198"
"12/11/2009 13:37:03.968"	"76681216"	"74743"	"3018752"	"8081.8421307273438"	"7508.1311152744765"
"12/11/2009 13:37:04.968"	"76804096"	"74932"	"3018752"	"5980.817385423672"	"5957.8756242721138"
"12/11/2009 13:37:05.968"	"75735040"	"74604"	"3018752"	"5509.6145051321482"	"5220.4802162330843"
"12/11/2009 13:37:06.968"	"75726848"	"74533"	"3018752"	"4525.260855805097"	"4524.2627832740418"
"12/11/2009 13:37:07.968"	"76070912"	"74307"	"3018752"	"79170.921859809358"	"79169.918883703911"
"12/11/2009 13:37:08.968"	"76025856"	"74349"	"3018752"	"12189.626464798164"	"12191.607229579575"
"12/11/2009 13:37:09.968"	"76025856"	"74271"	"3018752"	"7220.8360540678341"	"7218.8162397869755"
"12/11/2009 13:37:10.968"	"76066816"	"74151"	"3018752"	"5380.7650997696392"	"5384.7266422690091"
"12/11/2009 13:37:11.968"	"76242944"	"74221"	"3018752"	"5868.9926437762433"	"5868.9926437762433"
"12/11/2009 13:37:12.968"	"76152832"	"74211"	"3018752"	"6450.2609843431919"	"6444.243014213188"
"12/11/2009 13:37:13.968"	"75694080"	"74395"	"3018752"	"5889.0626168614572"	"5886.0477383886609"
"12/11/2009 13:37:14.968"	"75726848"	"74297"	"3018752"	"6083.9897876878858"	"6086.9580702318872"
"12/11/2009 13:37:15.968"	"75829248"	"74326"	"3018752"	"6687.393217740796"	"6684.361761159771"
"12/11/2009 13:37:16.968"	"75796480"	"74309"	"3018752"	"5901.0431428831107"	"5899.052573430291"
"12/11/2009 13:37:17.968"	"75792384"	"74227"	"3018752"	"6132.3184555135358"	"6132.3184555135358"
"12/11/2009 13:37:18.968"	"76128256"	"74211"	"3018752"	"6640.4896107932"	"6640.4896107932"
"12/11/2009 13:37:23.323"	"76161024"	"74280"	"3018752"	"7111.196695405094"	"7107.1847367617056"
"12/11/2009 13:37:24.323"	"75485184"	"74199"	"3018752"	"7674.918814792105"	" "
"12/11/2009 13:37:25.338"	"71086080"	"73965"	"3018752"	"5951.6190602658717"	"5950.625799408017"
"12/11/2009 13:37:26.338"	"71131136"	"73957"	"3018752"	"7321.0250099177119"	"7217.2231556530296"
"12/11/2009 13:37:27.338"	"71327744"	"74645"	"3018752"	"10181.657969034182"	"9860.5832588168669"
"12/11/2009 13:37:28.338"	"71417856"	"74702"	"3018752"	"5329.7563341275027"	"5332.7624008698194"
"12/11/2009 13:37:29.338"	"71479296"	"74854"	"3018752"	"8404.5922524614525"	"6507.905794160326"
"12/11/2009 13:37:30.338"	"73629696"	"75516"	"3018752"	"8871.7696540471661"	"8708.3999905322617"
"12/11/2009 13:37:31.338"	"71888896"	"75459"	"3018752"	"134092.2344009706"	"134091.23780316755"
"12/11/2009 13:37:32.338"	"71815168"	"75389"	"3018752"	"6137.5715854646824"	"6142.5744967668215"
"12/11/2009 13:37:33.338"	"71852032"	"75618"	"3018752"	"5337.9365227945173"	"5333.884958071334"
"12/11/2009 13:37:34.338"	"71364608"	"75441"	"3018752"	"5288.7077212855884"	"5287.7106044452257"
"12/11/2009 13:37:35.338"	"71385088"	"75568"	"3018752"	"3755.9654123558271"	"3754.9741309062742"
"12/11/2009 13:37:36.338"	"71413760"	"75705"	"3018752"	"4502.2035856309221"	"4278.0023303572416"
"12/11/2009 13:37:37.338"	"71446528"	"75450"	"3018752"	"3822.0863690910041"	"3817.0927887812431"
"12/11/2009 13:37:38.338"	"71475200"	"75507"	"3018752"	"5274.409059218222"	"5279.391497399989"
"12/11/2009 13:37:39.338"	"71086080"	"75655"	"3018752"	"15508.577221687197"	"15525.589921743252"
"12/11/2009 13:37:40.338"	"71036928"	"75513"	"3018752"	"7408.138860027826"	"7379.3366041033314"
"12/11/2009 13:37:41.338"	"71069696"	"75559"	"3018752"	"6491.0742244199546"	"6487.0531160263226"
"12/11/2009 13:37:42.338"	"71086080"	"75754"	"3018752"	"9528.7727726091289"	"9525.7677985401897"
"12/11/2009 13:37:43.338"	"71122944"	"75707"	"3018752"	"6787.9773489547861"	"6787.9773489547861"
"12/11/2009 13:37:44.354"	"71442432"	"75715"	"3018752"	"5979.1343815520877"	"5983.1151634306179"
"12/11/2009 13:37:45.354"	"71532544"	"75853"	"3018752"	"5757.2303249569386"	"5752.2927346267861"
"12/11/2009 13:37:46.354"	"71348224"	"75648"	"3018752"	"8670.31942429626"	"8665.2914032893605"
"12/11/2009 13:37:47.354"	"71385088"	"75810"	"3018752"	"5843.1029923936576"	"5843.1029923936576"
"12/11/2009 13:37:48.354"	"71413760"	"75793"	"3018752"	"11174.077441537442"	"11186.133630109502"
"12/11/2009 13:37:49.354"	"71622656"	"75868"	"3018752"	"6403.3005415804746"	"6389.2450057413207"
"12/11/2009 13:37:50.354"	"71577600"	"75840"	"3018752"	"5709.2757050743103"	"5706.3026401350253"
"12/11/2009 13:37:51.354"	"71589888"	"75671"	"3018752"	"6706.4225183075851"	"6704.4025115249615"
"12/11/2009 13:37:52.354"	"71671808"	"75684"	"3018752"	"5617.6711639505347"	"5610.6827690424743"
"12/11/2009 13:37:53.354"	"71659520"	"75850"	"3018752"	"5856.4017519548943"	"5848.486358473624"
"12/11/2009 13:37:54.354"	"71675904"	"75725"	"3018752"	"6004.4398056546788"	"6002.4119637750255"
"12/11/2009 13:37:55.354"	"71766016"	"75646"	"3018752"	"5639.2563662848315"	"5644.2082949521"
"12/11/2009 13:37:56.369"	"71720960"	"75752"	"3018752"	"5413.899306991917"	"5420.865721541355"
"12/11/2009 13:37:57.369"	"71999488"	"75851"	"3018752"	"5654.1154221389188"	"5642.2307864644281"
"12/11/2009 13:37:58.369"	"71921664"	"75852"	"3018752"	"5501.8020074469423"	"5496.7821151043809"
"12/11/2009 13:37:59.369"	"72601600"	"75698"	"3018752"	"5252.9556990379169"	"5254.9656304322307"
"12/11/2009 13:38:00.369"	"72372224"	"75830"	"3018752"	"5840.430900655283"	"5838.4443595326111"
"12/11/2009 13:38:01.369"	"71340032"	"75694"	"3018752"	"7009.9310331569932"	"7004.9601559529392"
"12/11/2009 13:38:02.369"	"71397376"	"75848"	"3018752"	"5676.1694461045827"	"5676.1694461045827"
"12/11/2009 13:38:03.369"	"71536640"	"75858"	"3018752"	"5345.7110516516977"	"5345.7110516516977"
"12/11/2009 13:38:04.369"	"71532544"	"75831"	"3018752"	"4844.2971940807947"	"4843.2925700256137"
"12/11/2009 13:38:05.369"	"71544832"	"75827"	"3018752"	"4709.8040888867363"	"4709.8040888867363"
"12/11/2009 13:38:06.369"	"71561216"	"75863"	"3018752"	"5294.5367383837774"	"5294.5367383837774"
"12/11/2009 13:38:07.369"	"71577600"	"75773"	"3018752"	"5214.2843840164633"	"5214.2843840164633"
"12/11/2009 13:38:08.369"	"71606272"	"75802"	"3018752"	"4712.6538193318038"	"4728.7174028659556"
"12/11/2009 13:38:09.369"	"71622656"	"75680"	"3018752"	"4711.4316056014577"	"4694.4804231051139"
"12/11/2009 13:38:10.369"	"71655424"	"75714"	"3018752"	"4793.0127541121328"	"4793.0127541121328"
"12/11/2009 13:38:11.369"	"71667712"	"75748"	"3018752"	"4935.7749870447642"	"3532.1514248217004"
"12/11/2009 13:38:12.369"	"71696384"	"75719"	"3018752"	"4776.9195716386985"	"4779.9138797696878"
"12/11/2009 13:38:13.369"	"71708672"	"75577"	"3018752"	"4581.0192453874115"	"4583.0350954403875"
"12/11/2009 13:38:14.369"	"71745536"	"75587"	"3018752"	"4855.2304372214621"	"4824.2289658406462"
"12/11/2009 13:38:15.369"	"71770112"	"75649"	"3018752"	"4834.3702570767437"	"4864.2550927891489"
"12/11/2009 13:38:16.369"	"71806976"	"75634"	"3018752"	"4826.9697025551868"	"4797.0071345691213"
"12/11/2009 13:38:17.369"	"71852032"	"75494"	"3018752"	"4653.8302458032822"	"4653.8302458032822"
"12/11/2009 13:38:18.369"	"71856128"	"75502"	"3018752"	"4803.6951558721776"	"4803.6951558721776"
"12/11/2009 13:38:19.369"	"71888896"	"75521"	"3018752"	"4899.7522193944342"	"4897.758423984711"
"12/11/2009 13:38:20.369"	"71892992"	"75504"	"3018752"	"4755.5331244168256"	"4758.5698633213069"
"12/11/2009 13:38:21.369"	"71970816"	"75747"	"3018752"	"4628.215899115582"	"4625.2478256445802"
"12/11/2009 13:38:22.369"	"71987200"	"75734"	"3018752"	"4632.4549852513001"	"4632.4549852513001"
"12/11/2009 13:38:23.369"	"71553024"	"75791"	"3018752"	"4956.6421296258186"	"4959.6718619788908"
"12/11/2009 13:38:24.369"	"71585792"	"75786"	"3018752"	"4758.6819122319885"	"4754.6830198687676"
"12/11/2009 13:38:25.369"	"71553024"	"75762"	"3018752"	"4626.7447178098637"	"4626.7447178098637"
"12/11/2009 13:38:26.369"	"71573504"	"75761"	"3018752"	"4652.8634775494947"	"4655.8724429370031"
"12/11/2009 13:38:27.369"	"71639040"	"75757"	"3018752"	"4956.218792875512"	"4953.2486258002764"
"12/11/2009 13:38:28.369"	"71675904"	"75771"	"3018752"	"4902.2078386579878"	"3117.3065400553351"
"12/11/2009 13:38:29.369"	"71667712"	"75678"	"3018752"	"4532.42385159067"	"4531.4193250278167"
"12/11/2009 13:38:30.369"	"71704576"	"75715"	"3018752"	"4857.3505906107366"	"4856.3540065749121"
"12/11/2009 13:38:31.369"	"71716864"	"75695"	"3018752"	"5104.2970510721589"	"5107.2884343800733"
"12/11/2009 13:38:32.369"	"71749632"	"75701"	"3018752"	"4751.2694159158154"	"4751.2694159158154"
"12/11/2009 13:38:33.369"	"71745536"	"75623"	"3018752"	"4430.7810900963896"	"4390.7920910882995"
"12/11/2009 13:38:34.369"	"71786496"	"75671"	"3018752"	"4795.1324281350662"	"4796.1318304752358"
"12/11/2009 13:38:35.369"	"71766016"	"75666"	"3018752"	"5040.866937968296"	"5036.8977514029666"
"12/11/2009 13:38:36.369"	"71806976"	"75687"	"3018752"	"4890.3386154933796"	"4893.324170203693"
"12/11/2009 13:38:37.369"	"71761920"	"75587"	"3018752"	"4365.6715719360909"	"4365.6715719360909"
"12/11/2009 13:38:38.369"	"71786496"	"75650"	"3018752"	"4955.0289142205584"	"4954.039491514045"
"12/11/2009 13:38:39.369"	"71278592"	"75640"	"3018752"	"5037.2493014008523"	"4943.1423940022423"
"12/11/2009 13:38:40.369"	"71307264"	"75668"	"3018752"	"4903.9683204271778"	"4903.9683204271778"
"12/11/2009 13:38:41.369"	"71262208"	"75540"	"3018752"	"4476.2164178833582"	"4479.2058767554972"
"12/11/2009 13:38:42.369"	"71274496"	"75585"	"3018752"	"4967.6538196143219"	"4964.641903393861"
"12/11/2009 13:38:43.369"	"71254016"	"75590"	"3018752"	"4982.8833635833589"	"4982.8833635833589"
"12/11/2009 13:38:44.369"	"71266304"	"75599"	"3018752"	"4796.8694229021985"	"4798.8760614392841"
"12/11/2009 13:38:45.369"	"71274496"	"75518"	"3018752"	"4467.1505422052678"	"4464.1591467528979"
"12/11/2009 13:38:46.369"	"71286784"	"75545"	"3018752"	"4883.6752131599997"	"4884.6861167437628"
"12/11/2009 13:38:47.369"	"71319552"	"75661"	"3018752"	"4928.66154220933"	"4927.6618137017822"
"12/11/2009 13:38:48.369"	"71266304"	"75555"	"3018752"	"4892.3915146334712"	"4895.3985161790351"
"12/11/2009 13:38:49.369"	"71299072"	"75477"	"3018752"	"4499.8975813073102"	"4494.9504643533664"
"12/11/2009 13:38:50.369"	"71294976"	"75509"	"3018752"	"4860.4518019335537"	"4863.4845297633792"
"12/11/2009 13:38:51.369"	"71299072"	"75532"	"3018752"	"5000.113856491349"	"4997.1557926835258"
"12/11/2009 13:38:52.369"	"71327744"	"75616"	"3018752"	"4783.6310942316577"	"4783.6310942316577"
"12/11/2009 13:38:53.369"	"71311360"	"75406"	"3018752"	"4281.6691546138218"	"4282.6655868117768"
"12/11/2009 13:38:54.369"	"71303168"	"75452"	"3018752"	"4909.0556234437736"	"4909.0556234437736"
"12/11/2009 13:38:55.369"	"71303168"	"75516"	"3018752"	"4971.8546216571431"	"4972.8618855594241"
"12/11/2009 13:38:56.369"	"71331840"	"75582"	"3018752"	"4860.0338557617588"	"4860.0338557617588"
"12/11/2009 13:38:57.369"	"71307264"	"75372"	"3018752"	"4272.2941228317477"	"4272.2941228317477"
"12/11/2009 13:38:58.369"	"71307264"	"75402"	"3018752"	"4691.9003166481425"	"4691.9003166481425"
"12/11/2009 13:38:59.369"	"71311360"	"75500"	"3018752"	"5006.0094346337155"	"4999.0052239516381"
"12/11/2009 13:39:00.369"	"71319552"	"75559"	"3018752"	"4931.1363830269374"	"4931.1363830269374"
"12/11/2009 13:39:01.369"	"71315456"	"75396"	"3018752"	"4522.4717918488341"	" "
"12/11/2009 13:39:02.369"	"71323648"	"75509"	"3018752"	"4634.1725581182836"	"4631.1898252982119"
"12/11/2009 13:39:03.369"	"71278592"	"75397"	"3018752"	"4586.1522447307125"	"4586.1522447307125"
"12/11/2009 13:39:04.369"	"71274496"	"75284"	"3018752"	"4728.0109454065869"	"4727.0176657962074"
"12/11/2009 13:39:05.369"	"71299072"	"75408"	"3018752"	"3918.3768153058641"	"3921.3986997392622"
"12/11/2009 13:39:06.369"	"71278592"	"75246"	"3018752"	"4564.4203160329653"	"4564.4203160329653"
"12/11/2009 13:39:07.369"	"71335936"	"75402"	"3018752"	"4545.1177644405798"	"4542.132138582615"
"12/11/2009 13:39:08.369"	"71278592"	"75392"	"3018752"	"4679.9644976482105"	"4679.9644976482105"
"12/11/2009 13:39:09.369"	"71352320"	"75410"	"3018752"	"4110.5239531600901"	"4127.3988401931065"
"12/11/2009 13:39:10.369"	"71299072"	"75387"	"3018752"	"4588.4933322607076"	"4573.6085139250863"
"12/11/2009 13:39:11.369"	"71282688"	"75381"	"3018752"	"4622.4953865103298"	"4619.4695331043658"
"12/11/2009 13:39:12.369"	"71278592"	"75203"	"3018752"	"4810.3510919290238"	"4810.3510919290238"
"12/11/2009 13:39:13.369"	"71274496"	"75275"	"3018752"	"4303.0140030167331"	"4306.0379060406376"
"12/11/2009 13:39:14.369"	"71323648"	"75445"	"3018752"	"4777.3898750239514"	"4773.4244134136388"
"12/11/2009 13:39:15.369"	"71307264"	"75391"	"3018752"	"4832.3064012755922"	"4831.2954585138195"
"12/11/2009 13:39:16.369"	"71294976"	"75219"	"3018752"	"4826.683342837121"	"4826.683342837121"
"12/11/2009 13:39:17.369"	"71294976"	"75295"	"3018752"	"4441.117937477673"	"4444.1418489194421"
"12/11/2009 13:39:18.369"	"71335936"	"75463"	"3018752"	"4586.0259415544351"	"4586.0259415544351"
"12/11/2009 13:39:19.369"	"71344128"	"75465"	"3018752"	"4904.0224023818719"	"4899.0366130341881"
"12/11/2009 13:39:20.369"	"71315456"	"75301"	"3018752"	"4773.6713933719102"	"4776.7042214490211"
"12/11/2009 13:39:21.369"	"71315456"	"75400"	"3018752"	"4413.2401434686499"	"4413.2401434686499"
"12/11/2009 13:39:22.369"	"71368704"	"75505"	"3018752"	"4624.4889486401717"	"4623.480995512743"
"12/11/2009 13:39:23.369"	"71348224"	"75497"	"3018752"	"4746.1195238993323"	"4744.1232591153585"
"12/11/2009 13:39:24.369"	"71335936"	"75333"	"3018752"	"4707.0090529212557"	"4705.0166681369501"
"12/11/2009 13:39:25.369"	"71348224"	"75428"	"3018752"	"4404.799939081593"	"4404.799939081593"
"12/11/2009 13:39:26.369"	"71397376"	"75446"	"3018752"	"4719.132748364972"	"4719.132748364972"
"12/11/2009 13:39:27.369"	"71380992"	"75504"	"3018752"	"4675.514978642088"	"4675.514978642088"
"12/11/2009 13:39:28.369"	"71340032"	"75350"	"3018752"	"4831.6459826544042"	"4796.9714677081447"
"12/11/2009 13:39:29.369"	"71376896"	"75452"	"3018752"	"4399.6321612771553"	"4401.6206955873367"
"12/11/2009 13:39:30.369"	"71368704"	"75330"	"3018752"	"4659.1668496561488"	"4656.1407616394854"
"12/11/2009 13:39:31.369"	"71352320"	"75419"	"3018752"	"4836.8137052506245"	"4836.8137052506245"
"12/11/2009 13:39:32.369"	"71356416"	"75367"	"3018752"	"4648.6192887428015"	"4651.6372194647729"
"12/11/2009 13:39:33.369"	"71385088"	"75473"	"3018752"	"4353.1308542303541"	"4353.1308542303541"
"12/11/2009 13:39:34.369"	"71393280"	"75341"	"3018752"	"4587.2221820031527"	"4611.413202079636"
"12/11/2009 13:39:35.369"	"71372800"	"75409"	"3018752"	"4780.3874250895615"	"4751.2998809587189"
"12/11/2009 13:39:36.369"	"71380992"	"75391"	"3018752"	"4840.6810556077235"	"4840.6810556077235"
"12/11/2009 13:39:37.369"	"71413760"	"75491"	"3018752"	"4453.2403857690697"	"4456.2732396072779"
"12/11/2009 13:39:38.369"	"71405568"	"75361"	"3018752"	"4560.2043018425502"	"4559.2110096835777"
"12/11/2009 13:39:39.369"	"71385088"	"75423"	"3018752"	"4686.9942356962429"	"4683.9703684474071"
"12/11/2009 13:39:40.369"	"71389184"	"75403"	"3018752"	"4836.3256024022512"	"4836.3256024022512"
"12/11/2009 13:39:41.369"	"71434240"	"75515"	"3018752"	"4465.3014086698613"	"4439.094222072702"
"12/11/2009 13:39:42.369"	"71430144"	"75384"	"3018752"	"4560.8404049735391"	"4560.8404049735391"
"12/11/2009 13:39:43.369"	"71413760"	"75451"	"3018752"	"4610.3750967446877"	"4609.3730591231397"
"12/11/2009 13:39:44.369"	"71409664"	"75423"	"3018752"	"4790.7563972750077"	"4790.7563972750077"
"12/11/2009 13:39:45.369"	"71397376"	"75418"	"3018752"	"4537.4128267890737"	"4537.4128267890737"
"12/11/2009 13:39:46.369"	"71393280"	"75285"	"3018752"	"4714.5522671377457"	"4711.5752819132849"
"12/11/2009 13:39:47.369"	"71442432"	"75487"	"3018752"	"4694.3735896425869"	"4694.3735896425869"
"12/11/2009 13:39:48.369"	"71430144"	"75451"	"3018752"	"4718.3274143053623"	"4718.3274143053623"
"12/11/2009 13:39:49.369"	"71417856"	"75442"	"3018752"	"4329.5803390534229"	"4331.5810693394915"
"12/11/2009 13:39:50.369"	"71401472"	"75280"	"3018752"	"4646.6646994211596"	"4706.1339439473741"
"12/11/2009 13:39:51.369"	"71454720"	"75488"	"3018752"	"4722.1702057394959"	"4660.28592065054"
"12/11/2009 13:39:52.369"	"71442432"	"75467"	"3018752"	"4806.9297085540165"	"4809.9153791804474"
"12/11/2009 13:39:53.369"	"71442432"	"75463"	"3018752"	"4369.5318873747156"	"4369.5318873747156"
"12/11/2009 13:39:54.369"	"71405568"	"75291"	"3018752"	"4648.9056307178871"	"4676.9352081640764"
"12/11/2009 13:39:55.369"	"71450624"	"75379"	"3018752"	"4831.3716393607283"	"4798.5930077614466"
"12/11/2009 13:39:56.369"	"71454720"	"75481"	"3018752"	"4813.3954932060615"	"4813.3954932060615"
"12/11/2009 13:39:57.369"	"71467008"	"75485"	"3018752"	"4437.4027218444771"	"4440.4029941378139"
"12/11/2009 13:39:58.369"	"71413760"	"75315"	"3018752"	"4562.8358287729825"	"4546.8188535074351"
"12/11/2009 13:39:59.369"	"71454720"	"75393"	"3018752"	"4719.761804882357"	"4718.7610072138068"
"12/11/2009 13:40:00.369"	"71471104"	"75493"	"3018752"	"4749.9841967304519"	"4750.9835622252413"
"12/11/2009 13:40:01.369"	"71458816"	"75381"	"3018752"	"4357.9099487984749"	"4359.9140462686055"
"12/11/2009 13:40:02.369"	"71421952"	"75331"	"3018752"	"4460.0176527399517"	"4457.0203290485942"
"12/11/2009 13:40:03.369"	"71479296"	"75418"	"3018752"	"4693.3000894883498"	"4693.3000894883498"
"12/11/2009 13:40:04.369"	"71475200"	"75504"	"3018752"	"4710.5789918895689"	"4709.5653101611651"
"12/11/2009 13:40:05.369"	"71479296"	"75409"	"3018752"	"4586.198518045012"	"4589.1849724739541"
"12/11/2009 13:40:06.369"	"71430144"	"75350"	"3018752"	"4457.7173467533066"	"4454.7141686620735"
"12/11/2009 13:40:07.369"	"71446528"	"75305"	"3018752"	"4644.3591170588734"	"4702.3636021556458"
"12/11/2009 13:40:08.369"	"71450624"	"75427"	"3018752"	"4905.104573344991"	"4847.5492293729076"
"12/11/2009 13:40:09.369"	"71454720"	"75319"	"3018752"	"4463.4054427744923"	"4465.405624465182"
"12/11/2009 13:40:10.369"	"71454720"	"75387"	"3018752"	"4491.7597288977777"	"4488.7565465517346"
"12/11/2009 13:40:11.369"	"71462912"	"75331"	"3018752"	"4730.0036258440441"	"4730.0036258440441"
"12/11/2009 13:40:12.369"	"71462912"	"75439"	"3018752"	"4751.3726570013578"	"4751.3726570013578"
"12/11/2009 13:40:13.369"	"71471104"	"75340"	"3018752"	"4421.4625861926397"	"4424.4541035040011"
"12/11/2009 13:40:14.369"	"71458816"	"75392"	"3018752"	"4392.5493942161311"	"4391.5384507422032"
"12/11/2009 13:40:15.369"	"71483392"	"75348"	"3018752"	"4750.5539040834747"	"4750.5539040834747"
"12/11/2009 13:40:16.369"	"71483392"	"75454"	"3018752"	"4839.3774221645372"	"4836.3771881768344"
"12/11/2009 13:40:17.369"	"71450624"	"75238"	"3018752"	"4433.4265768681116"	"4436.4180927769294"
"12/11/2009 13:40:18.369"	"71479296"	"75414"	"3018752"	"4510.5787730128995"	"4510.5787730128995"
"12/11/2009 13:40:19.369"	"71450624"	"75234"	"3018752"	"4729.6342047094422"	"4728.6321635643762"
"12/11/2009 13:40:20.369"	"71499776"	"75466"	"3018752"	"4765.3865377290986"	"4765.3865377290986"
"12/11/2009 13:40:21.369"	"71458816"	"75261"	"3018752"	"4626.8912282088295"	"4626.8912282088295"
"12/11/2009 13:40:22.369"	"71475200"	"75407"	"3018752"	"5258.5328446006333"	"5255.5296847807585"
"12/11/2009 13:40:23.369"	"71516160"	"75457"	"3018752"	"5790.7614000151461"	"5809.8000687468102"
"12/11/2009 13:40:24.369"	"72257536"	"75253"	"3018752"	"6302.0165367272066"	"6281.0198133778058"
"12/11/2009 13:40:25.369"	"71499776"	"75379"	"3018752"	"6840.1072872517252"	"6779.0884886962476"
"12/11/2009 13:40:26.369"	"73584640"	"75434"	"3018752"	"6152.4183691327444"	"6151.418301127359"
"12/11/2009 13:40:27.369"	"76374016"	"75674"	"3018752"	"5247.2720375115723"	"5240.2783390609666"
"12/11/2009 13:40:28.369"	"76619776"	"75802"	"3018752"	"7201.0567915105157"	"7200.0625823718283"
"12/11/2009 13:40:29.369"	"76492800"	"75666"	"3018752"	"6054.6044911627141"	"6053.596566326496"
"12/11/2009 13:40:30.369"	"76611584"	"75835"	"3018752"	"6321.0557083361864"	"6320.0624563392757"
"12/11/2009 13:40:31.369"	"76779520"	"75663"	"3018752"	"6387.0547919792853"	"6383.0231967184491"
"12/11/2009 13:40:32.369"	"76783616"	"75669"	"3018752"	"6935.9299740792876"	"6935.9299740792876"
"12/11/2009 13:40:33.369"	"76775424"	"75558"	"3018752"	"6263.3311191019829"	"6264.3321309477715"
"12/11/2009 13:40:34.369"	"76824576"	"75787"	"3018752"	"6060.5565254322082"	"6059.560378731775"
"12/11/2009 13:40:35.369"	"76935168"	"75744"	"3018752"	"7012.6536025516371"	"7012.6536025516371"
"12/11/2009 13:40:36.369"	"76922880"	"75627"	"3018752"	"6480.3718894715785"	"6480.3718894715785"
"12/11/2009 13:40:37.369"	"76984320"	"75741"	"3018752"	"5682.4752866168956"	"5682.4752866168956"
"12/11/2009 13:40:38.369"	"76132352"	"75865"	"3018752"	"5966.1404869089438"	"5965.1446363853402"
"12/11/2009 13:40:39.369"	"76210176"	"75819"	"3018752"	"6207.9233350387103"	"6207.9233350387103"
"12/11/2009 13:40:40.369"	"76259328"	"75677"	"3018752"	"6156.2371942299924"	"6155.2429698769192"
"12/11/2009 13:40:41.369"	"76328960"	"75783"	"3018752"	"6153.234449688518"	"6154.2335135705907"
"12/11/2009 13:40:42.369"	"76435456"	"75877"	"3018752"	"5601.2634036268564"	"5600.2613887067082"
"12/11/2009 13:40:43.369"	"76398592"	"75735"	"3018752"	"6105.3863047673503"	"6107.3785992051926"
"12/11/2009 13:40:44.369"	"76472320"	"75713"	"3018752"	"6148.3179014632997"	"6145.3089367480652"
"12/11/2009 13:40:45.369"	"76578816"	"75824"	"3018752"	"5954.2988233708884"	"5954.2988233708884"
"12/11/2009 13:40:46.369"	"76124160"	"75646"	"3018752"	"5608.6916174063799"	"5611.7129991359934"
"12/11/2009 13:40:47.369"	"76173312"	"75778"	"3018752"	"6190.0211796168987"	"6186.0442948243408"
"12/11/2009 13:40:48.369"	"76238848"	"75739"	"3018752"	"5997.0389290621433"	"5997.0389290621433"
"12/11/2009 13:40:49.369"	"76386304"	"75864"	"3018752"	"6015.2531917939095"	"6015.2531917939095"
"12/11/2009 13:40:50.369"	"76406784"	"75552"	"3018752"	"5521.2902538462986"	"5520.290201273604"
"12/11/2009 13:40:51.369"	"76570624"	"75818"	"3018752"	"6227.2814130723455"	"6228.2698704394998"
"12/11/2009 13:40:52.369"	"76132352"	"75778"	"3018752"	"6012.2501884697995"	"6012.2501884697995"
"12/11/2009 13:40:53.369"	"76230656"	"75646"	"3018752"	"5916.2935730308991"	"5916.2935730308991"
"12/11/2009 13:40:54.369"	"76304384"	"75596"	"3018752"	"5397.9883577399169"	"5395.9902128730873"
"12/11/2009 13:40:55.369"	"76546048"	"75849"	"3018752"	"6103.2383055803975"	"6103.2383055803975"
"12/11/2009 13:40:56.369"	"76607488"	"75796"	"3018752"	"6183.7996564875175"	"6184.8004332566534"
"12/11/2009 13:40:57.369"	"76222464"	"75560"	"3018752"	"5935.7727881352876"	"5935.7727881352876"
"12/11/2009 13:40:58.369"	"76369920"	"75634"	"3018752"	"5578.6723731685615"	"5580.6569595695464"
"12/11/2009 13:40:59.369"	"76500992"	"75508"	"3018752"	"6048.3058541935616"	"6044.3056519090414"
"12/11/2009 13:41:00.369"	"76079104"	"75696"	"3018752"	"5957.6335391822458"	"5957.6335391822458"
"12/11/2009 13:41:01.369"	"76201984"	"75598"	"3018752"	"5753.9011253150911"	"5753.9011253150911"
"12/11/2009 13:41:02.369"	"76316672"	"75656"	"3018752"	"5352.2328754804039"	"5352.2328754804039"
"12/11/2009 13:41:03.369"	"76095488"	"75530"	"3018752"	"6073.7802533858439"	"6073.7802533858439"
"12/11/2009 13:41:04.369"	"76259328"	"75716"	"3018752"	"5955.7565699647666"	"5954.7486571927293"
"12/11/2009 13:41:05.369"	"76361728"	"75634"	"3018752"	"5759.9702928078277"	"5810.0221723073737"
"12/11/2009 13:41:06.369"	"76427264"	"75695"	"3018752"	"5629.8009720714253"	"5580.7504301739327"
"12/11/2009 13:41:07.369"	"76480512"	"75547"	"3018752"	"5941.2568540667598"	"5941.2568540667598"
"12/11/2009 13:41:08.369"	"76582912"	"75743"	"3018752"	"5866.9812690582357"	"5919.0343361101095"
"12/11/2009 13:41:09.369"	"76181504"	"75680"	"3018752"	"5853.7185205693295"	"5799.9781601288769"
"12/11/2009 13:41:10.369"	"76320768"	"75743"	"3018752"	"5310.5210827056371"	"5310.5210827056371"
"12/11/2009 13:41:11.369"	"76087296"	"75594"	"3018752"	"6133.2532926321383"	"6133.2532926321383"
"12/11/2009 13:41:12.369"	"76427264"	"75794"	"3018752"	"5939.3388406295326"	"5928.3400649987379"
"12/11/2009 13:41:13.369"	"76386304"	"75720"	"3018752"	"5822.5096060855849"	"5816.5142297964967"
"12/11/2009 13:41:14.369"	"76365824"	"75649"	"3018752"	"5508.6607348732523"	"5505.6576488829523"
"12/11/2009 13:41:15.369"	"75960320"	"75609"	"3018752"	"5892.2888037288531"	"5905.3917381196288"
"12/11/2009 13:41:16.369"	"76378112"	"75568"	"3018752"	"6066.4417986189019"	"6054.5932794809742"
"12/11/2009 13:41:17.369"	"76472320"	"75628"	"3018752"	"5920.7469981834392"	"5920.7469981834392"
"12/11/2009 13:41:18.369"	"76488704"	"75678"	"3018752"	"5380.5488380453426"	"5380.5488380453426"
"12/11/2009 13:41:19.369"	"76042240"	"75652"	"3018752"	"6156.3033001430749"	"6154.3012502893698"
"12/11/2009 13:41:20.369"	"76193792"	"75584"	"3018752"	"6097.474869745839"	"6110.4844173097154"
"12/11/2009 13:41:21.369"	"76419072"	"75662"	"3018752"	"6147.9163119470722"	"6134.9122585700279"
"12/11/2009 13:41:22.369"	"76636160"	"75716"	"3018752"	"5508.3818129065385"	"5439.9115651871098"
"12/11/2009 13:41:23.369"	"76132352"	"75692"	"3018752"	"5992.2955908519561"	"5992.2955908519561"
"12/11/2009 13:41:24.369"	"76279808"	"75478"	"3018752"	"5976.8077251233526"	"5972.7747914356851"
"12/11/2009 13:41:25.369"	"76570624"	"75700"	"3018752"	"5922.0106257368197"	"5923.0035852649444"
"12/11/2009 13:41:26.369"	"76357632"	"75750"	"3018752"	"5480.4249077103077"	"5537.9330483103604"
"12/11/2009 13:41:27.369"	"76529664"	"75691"	"3018752"	"5870.4030346107947"	"5840.3805165340264"
"12/11/2009 13:41:28.369"	"76681216"	"75491"	"3018752"	"5912.4272103287321"	"5884.3919923966059"
"12/11/2009 13:41:29.369"	"76873728"	"75747"	"3018752"	"6035.4883742797656"	"6035.4883742797656"
"12/11/2009 13:41:30.369"	"77107200"	"75542"	"3018752"	"5429.691348361298"	"5441.7864469654069"
"12/11/2009 13:41:31.369"	"77336576"	"75601"	"3018752"	"5991.3896379024236"	"5979.4724034162928"
"12/11/2009 13:41:32.369"	"77594624"	"75482"	"3018752"	"36810.340871385633"	"36810.340871385633"
"12/11/2009 13:41:33.369"	"77717504"	"75420"	"3018752"	"820972.06889930042"	"821282.07307898591"
"12/11/2009 13:41:34.369"	"77123584"	"75491"	"3018752"	"317734.37782641832"	"317425.79669907346"
"12/11/2009 13:41:35.369"	"77262848"	"75563"	"3018752"	"5824.1613349231056"	"5825.169324077644"
"12/11/2009 13:41:36.369"	"77266944"	"75573"	"3018752"	"6680.6403008584666"	"6679.6470447923266"
"12/11/2009 13:41:37.369"	"77398016"	"75584"	"3018752"	"5655.2816474239635"	"5655.2816474239635"
"12/11/2009 13:41:38.369"	"77398016"	"75458"	"3018752"	"6104.616039245202"	"6108.6236650710644"
"12/11/2009 13:41:39.369"	"77463552"	"75639"	"3018752"	"6087.9618141708079"	"6081.9667754567054"
"12/11/2009 13:41:40.369"	"77664256"	"75631"	"3018752"	"6515.6329206825349"	"6515.6329206825349"
"12/11/2009 13:41:41.369"	"77811712"	"75661"	"3018752"	"5552.3052155201649"	"5552.3052155201649"
"12/11/2009 13:41:42.369"	"78106624"	"75593"	"3018752"	"5969.9324387785673"	"5969.9324387785673"
"12/11/2009 13:41:43.369"	"78209024"	"75683"	"3018752"	"6430.0803852332983"	"6430.0803852332983"
"12/11/2009 13:41:44.369"	"78184448"	"75611"	"3018752"	"6522.7398188771476"	"6521.7398587638754"
"12/11/2009 13:41:45.369"	"78229504"	"75703"	"3018752"	"5739.4384969441253"	"5739.4384969441253"
"12/11/2009 13:41:46.369"	"77869056"	"75483"	"3018752"	"5772.5144384362193"	"5773.5067909269255"
"12/11/2009 13:41:47.369"	"77664256"	"75721"	"3018752"	"6088.8679708324598"	"6087.8600469836219"
"12/11/2009 13:41:48.369"	"77864960"	"75619"	"3018752"	"6311.6362454277014"	"6311.6362454277014"
"12/11/2009 13:41:49.369"	"77131776"	"75615"	"3018752"	"5830.4240620768014"	"5828.4375462123799"
"12/11/2009 13:41:50.369"	"77672448"	"75523"	"3018752"	"5636.2754788469565"	"5636.2754788469565"
"12/11/2009 13:41:51.369"	"77869056"	"75638"	"3018752"	"6138.9146176155054"	"6137.9047616165553"
"12/11/2009 13:41:52.369"	"77938688"	"75654"	"3018752"	"6355.5914268667539"	"6355.5914268667539"
"12/11/2009 13:41:53.369"	"77316096"	"75534"	"3018752"	"5745.2443846377837"	"5746.252853021957"
"12/11/2009 13:41:54.369"	"77545472"	"75548"	"3018752"	"5578.8249860672386"	"5575.8277663397666"
"12/11/2009 13:41:55.369"	"77316096"	"75554"	"3018752"	"6200.9771887846964"	"6201.9714131215223"
"12/11/2009 13:41:56.369"	"77545472"	"75636"	"3018752"	"6002.1441601535271"	"6001.1362434179855"
"12/11/2009 13:41:57.369"	"77328384"	"75572"	"3018752"	"5753.9679661538103"	"5754.9612283609831"
"12/11/2009 13:41:58.369"	"77426688"	"75581"	"3018752"	"5572.3267968272448"	"5572.3267968272448"
"12/11/2009 13:41:59.369"	"77545472"	"75465"	"3018752"	"6163.8958029701362"	"6160.8623896812724"
"12/11/2009 13:42:00.369"	"77357056"	"75643"	"3018752"	"5941.3970126148224"	"5999.2839648627069"
"12/11/2009 13:42:01.369"	"77484032"	"75485"	"3018752"	"5980.0847836832663"	"5924.5114766991537"
"12/11/2009 13:42:02.369"	"77635584"	"75593"	"3018752"	"5694.7046978238996"	"5692.7065558246632"
"12/11/2009 13:42:03.369"	"77619200"	"75503"	"3018752"	"6151.3526806697791"	"6109.9056042675675"
"12/11/2009 13:42:04.369"	"77803520"	"75667"	"3018752"	"5850.2617691838577"	"5845.2615454495126"
"12/11/2009 13:42:05.369"	"78077952"	"75525"	"3018752"	"5902.7127967519773"	"5903.7070215787844"
"12/11/2009 13:42:06.369"	"77717504"	"75629"	"3018752"	"5615.7899796903703"	"5614.7967377413624"
"12/11/2009 13:42:07.369"	"77160448"	"75543"	"3018752"	"6271.2577439930492"	"6272.2646896809092"
"12/11/2009 13:42:08.369"	"77492224"	"75715"	"3018752"	"6051.9137064530933"	"6051.9137064530933"
"12/11/2009 13:42:09.369"	"77168640"	"75564"	"3018752"	"5748.4394618654742"	"2605.2690852063338"
"12/11/2009 13:42:10.369"	"77328384"	"75640"	"3018752"	"5653.228904992875"	"5653.228904992875"
"12/11/2009 13:42:11.369"	"77447168"	"75572"	"3018752"	"6204.679839946094"	"6208.6451250331338"
"12/11/2009 13:42:12.369"	"77258752"	"75729"	"3018752"	"5842.6864927296501"	"5838.6507914740951"
"12/11/2009 13:42:13.369"	"77459456"	"75608"	"3018752"	"5928.1803730914371"	"5920.2496970070342"
"12/11/2009 13:42:14.369"	"77484032"	"75682"	"3018752"	"5553.4587791543145"	"5551.43897236066"
"12/11/2009 13:42:15.369"	"77266944"	"75600"	"3018752"	"6214.7044028688215"	"6213.7130638350254"
"12/11/2009 13:42:16.369"	"77443072"	"75623"	"3018752"	"5879.6369348029075"	"5879.6369348029075"
"12/11/2009 13:42:17.369"	"77553664"	"75653"	"3018752"	"5889.1181620749539"	"5890.1137864472412"
"12/11/2009 13:42:18.369"	"77639680"	"75597"	"3018752"	"5527.4519372144132"	"5531.4443185341779"
"12/11/2009 13:42:19.369"	"77402112"	"75590"	"3018752"	"6107.8881302219761"	"6105.866320182181"
"12/11/2009 13:42:20.369"	"77545472"	"75528"	"3018752"	"6166.5462904398419"	"6162.5774754500171"
"12/11/2009 13:42:21.369"	"77250560"	"75564"	"3018752"	"5974.0246444297327"	"5974.0246444297327"
"12/11/2009 13:42:22.369"	"77389824"	"75618"	"3018752"	"5524.1868917022111"	"5531.2562350736762"
"12/11/2009 13:42:23.369"	"77680640"	"75618"	"3018752"	"6037.3741094187026"	"6029.3815572301619"
"12/11/2009 13:42:24.369"	"77815808"	"75538"	"3018752"	"5984.1930031176962"	"5984.1930031176962"
"12/11/2009 13:42:25.369"	"77783040"	"75602"	"3018752"	"5999.4347325940744"	"5999.4347325940744"
"12/11/2009 13:42:26.369"	"77479936"	"75652"	"3018752"	"5533.3315563540491"	"5539.4210628357296"
"12/11/2009 13:42:27.369"	"77639680"	"75658"	"3018752"	"6093.5336702895784"	"6088.5577322932613"
"12/11/2009 13:42:28.369"	"77389824"	"75588"	"3018752"	"6024.4588553114681"	"6023.4684790406627"
"12/11/2009 13:42:29.369"	"77623296"	"75652"	"3018752"	"5919.506905456391"	"5918.4989866916276"
"12/11/2009 13:42:30.369"	"77406208"	"75709"	"3018752"	"5560.7360395929991"	"5559.7398489732223"
"12/11/2009 13:42:31.369"	"77651968"	"75661"	"3018752"	"6149.8936021322079"	"6152.9126957022281"
"12/11/2009 13:42:32.369"	"77344768"	"75487"	"3018752"	"5914.1886294224632"	"5911.2101896225195"
"12/11/2009 13:42:33.369"	"77729792"	"75697"	"3018752"	"6047.382052619324"	"6049.3801963670921"
"12/11/2009 13:42:34.369"	"77398016"	"75606"	"3018752"	"5748.2031071269357"	"5746.1872547309595"
"12/11/2009 13:42:35.369"	"77602816"	"75581"	"3018752"	"5924.3316728510426"	"5923.3364886291629"
"12/11/2009 13:42:36.369"	"77807616"	"75521"	"3018752"	"5979.6369723653233"	"5980.6350756823595"
"12/11/2009 13:42:37.369"	"78077952"	"75614"	"3018752"	"5982.9447830023755"	"5982.9447830023755"
"12/11/2009 13:42:38.369"	"78299136"	"75512"	"3018752"	"5359.3261534849908"	"5359.3261534849908"
"12/11/2009 13:42:39.369"	"77611008"	"75596"	"3018752"	"5951.4870288262819"	"5977.4629668402958"
"12/11/2009 13:42:40.369"	"77889536"	"75566"	"3018752"	"5924.0569808351056"	"5896.2724589819427"
"12/11/2009 13:42:41.369"	"78049280"	"75530"	"3018752"	"6067.1336295609772"	"6067.1336295609772"
"12/11/2009 13:42:42.369"	"77733888"	"75562"	"3018752"	"5420.2031010209075"	"5421.1963579571393"
"12/11/2009 13:42:43.369"	"77840384"	"75638"	"3018752"	"5941.6887080468232"	"5858.0313437096074"
"12/11/2009 13:42:44.369"	"78036992"	"75600"	"3018752"	"5856.7210426901074"	"5879.69641092853"
"12/11/2009 13:42:45.369"	"78340096"	"75444"	"3018752"	"6013.8691614484487"	"5990.0046012839712"
"12/11/2009 13:42:46.369"	"78409728"	"75465"	"3018752"	"5571.8042995205697"	"5571.8042995205697"
"12/11/2009 13:42:47.369"	"77942784"	"75681"	"3018752"	"5948.6287610925247"	"5947.635501990655"
"12/11/2009 13:42:48.369"	"78192640"	"75644"	"3018752"	"5836.3835580276163"	"5836.3835580276163"
"12/11/2009 13:42:49.369"	"78274560"	"75474"	"3018752"	"5990.3517027230992"	"5993.3771328759894"
"12/11/2009 13:42:50.369"	"77819904"	"75496"	"3018752"	"5328.3150809395593"	"5324.3043055681328"
"12/11/2009 13:42:51.369"	"78147584"	"75683"	"3018752"	"5912.2794787417406"	"5913.2795260148705"
"12/11/2009 13:42:52.369"	"78274560"	"75667"	"3018752"	"5962.8754113529167"	"5968.8234167507753"
"12/11/2009 13:42:53.369"	"78209024"	"75353"	"3018752"	"477693.1602292193"	"477714.36756240355"
"12/11/2009 13:42:54.369"	"78262272"	"75513"	"3018752"	"340807.3819341975"	"340782.41055526695"
"12/11/2009 13:42:55.369"	"77811712"	"75639"	"3018752"	"6038.0960009794617"	"6034.1144012425812"
"12/11/2009 13:42:56.369"	"77959168"	"75674"	"3018752"	"6570.2203079366973"	"6570.2203079366973"
"12/11/2009 13:42:57.369"	"77967360"	"75698"	"3018752"	"5624.3614646030528"	"5625.3537654965958"
"12/11/2009 13:42:58.369"	"77750272"	"75554"	"3018752"	"6150.4742627242549"	"6150.4742627242549"
"12/11/2009 13:42:59.369"	"77918208"	"75723"	"3018752"	"6222.05550860946"	"6220.0587000380192"
"12/11/2009 13:43:00.369"	"78049280"	"75723"	"3018752"	"6370.2058760681648"	"6369.210997749241"
"12/11/2009 13:43:01.369"	"78069760"	"75743"	"3018752"	"5568.5626187599828"	"5569.5620018573909"
"12/11/2009 13:43:02.369"	"77901824"	"75466"	"3018752"	"5881.8274280540927"	"5881.8274280540927"
"12/11/2009 13:43:03.369"	"78184448"	"75508"	"3018752"	"6080.3419337673004"	"6080.3419337673004"
"12/11/2009 13:43:04.369"	"78258176"	"75730"	"3018752"	"6262.2599539562361"	"6261.2599124433082"
"12/11/2009 13:43:05.369"	"77729792"	"75529"	"3018752"	"5645.4448083367233"	"5644.4348897663585"
"12/11/2009 13:43:06.369"	"77844480"	"75469"	"3018752"	"5866.4202667057898"	"5867.4132288362407"
"12/11/2009 13:43:07.369"	"77942784"	"75550"	"3018752"	"6243.0680927998092"	"6242.0687222070765"
"12/11/2009 13:43:08.369"	"78053376"	"75618"	"3018752"	"6446.924936141404"	"6446.924936141404"
"12/11/2009 13:43:09.369"	"77631488"	"75572"	"3018752"	"5697.002784491101"	"5695.9928566796334"
"12/11/2009 13:43:10.369"	"77725696"	"75472"	"3018752"	"5745.2638502849586"	"5744.2638043580155"
"12/11/2009 13:43:11.369"	"77787136"	"75590"	"3018752"	"6298.1001732393697"	"6299.0924688393761"
"12/11/2009 13:43:12.369"	"77959168"	"75737"	"3018752"	"6273.5061935633848"	"6272.4962923731782"
"12/11/2009 13:43:13.369"	"77934592"	"75609"	"3018752"	"5620.9113670770639"	"5621.9027094698458"
"12/11/2009 13:43:14.369"	"77725696"	"75493"	"3018752"	"5657.9134876525895"	"5666.0019987142805"
"12/11/2009 13:43:15.369"	"77430784"	"75506"	"3018752"	"6178.0887840833402"	"6168.1673310817605"
"12/11/2009 13:43:16.369"	"77537280"	"75499"	"3018752"	"6233.1215854206885"	"6234.1208033728235"
"12/11/2009 13:43:17.369"	"77701120"	"75533"	"3018752"	"5920.1066690622938"	"5918.0868442007913"
"12/11/2009 13:43:18.369"	"77271040"	"75549"	"3018752"	"5646.2851283070022"	"5647.2753571965686"
"12/11/2009 13:43:19.369"	"77447168"	"75553"	"3018752"	"6144.0484576104973"	"6144.0484576104973"
"12/11/2009 13:43:20.369"	"77467648"	"75489"	"3018752"	"6120.1110181230952"	"6126.2006808276947"
"12/11/2009 13:43:21.369"	"77582336"	"75571"	"3018752"	"5946.3062463656934"	"5939.3398624787378"
"12/11/2009 13:43:22.369"	"77279232"	"75580"	"3018752"	"5667.2740222557695"	"5667.2740222557695"
"12/11/2009 13:43:23.369"	"77537280"	"75462"	"3018752"	"6312.4146560078607"	"6311.4064441158298"
"12/11/2009 13:43:24.369"	"77549568"	"75516"	"3018752"	"6022.8166807633834"	"6020.8266537748605"
"12/11/2009 13:43:25.369"	"77144064"	"75482"	"3018752"	"6037.5304027460925"	"6038.5285066314864"
"12/11/2009 13:43:26.369"	"77164544"	"75595"	"3018752"	"5861.9832376711493"	"5861.9832376711493"
"12/11/2009 13:43:27.369"	"77479936"	"75503"	"3018752"	"6360.3305161091403"	"6360.3305161091403"
"12/11/2009 13:43:28.369"	"77570048"	"75539"	"3018752"	"6011.1687108043634"	"6010.160801899131"
"12/11/2009 13:43:29.369"	"77611008"	"75526"	"3018752"	"6042.8424390251839"	"6041.8472409950418"
"12/11/2009 13:43:30.369"	"77770752"	"75622"	"3018752"	"5656.1929608014398"	"4879.6766164387227"
"12/11/2009 13:43:31.369"	"77873152"	"75534"	"3018752"	"6573.8809776813559"	"6569.8737353907854"
"12/11/2009 13:43:32.369"	"77930496"	"75578"	"3018752"	"5968.5773619596848"	"5967.5781023979971"
"12/11/2009 13:43:33.369"	"77361152"	"75563"	"3018752"	"5846.4432898099631"	"5904.0088913852214"
"12/11/2009 13:43:34.369"	"77402112"	"75655"	"3018752"	"5655.6127483295304"	"5598.0037670504453"
"12/11/2009 13:43:35.369"	"77488128"	"75531"	"3018752"	"6225.5612645147303"	"6225.5612645147303"
"12/11/2009 13:43:36.369"	"77692928"	"75608"	"3018752"	"6082.7762607114792"	"6136.5268609534069"
"12/11/2009 13:43:37.369"	"77258752"	"75607"	"3018752"	"5912.5355239485825"	"5858.5853856766626"
"12/11/2009 13:43:38.369"	"77574144"	"75699"	"3018752"	"5484.0744216035146"	"5484.0744216035146"
"12/11/2009 13:43:39.369"	"77639680"	"75573"	"3018752"	"6188.101784231194"	"6187.1027364778465"
"12/11/2009 13:43:40.369"	"77803520"	"75527"	"3018752"	"6317.0629003308322"	"6321.0610414069906"
"12/11/2009 13:43:41.369"	"77828096"	"75680"	"3018752"	"6789.6735451735703"	"6785.6356780637434"
"12/11/2009 13:43:42.369"	"77991936"	"75591"	"3018752"	"6904.2606228254381"	"6903.2605850758973"
"12/11/2009 13:43:43.369"	"78090240"	"75526"	"3018752"	"7018.1573163329931"	"7018.1573163329931"
"12/11/2009 13:43:44.369"	"77475840"	"75519"	"3018752"	"6623.7975139755699"	"6622.7984494938246"
"12/11/2009 13:43:45.369"	"77672448"	"75704"	"3018752"	"6398.2966358950825"	"6399.2966822589296"
"12/11/2009 13:43:46.369"	"77783040"	"75505"	"3018752"	"6380.5962119181195"	"6379.5863043188929"
"12/11/2009 13:43:47.369"	"77602816"	"75625"	"3018752"	"6522.9064588021729"	"6522.9064588021729"
"12/11/2009 13:43:48.369"	"77824000"	"75664"	"3018752"	"8145.3237899470432"	"8146.3238297002599"
"12/11/2009 13:43:49.369"	"77398016"	"75553"	"3018752"	"7335.3843827216033"	"7335.3843827216033"
"12/11/2009 13:43:50.369"	"77443072"	"75541"	"3018752"	"7852.5026528372046"	"7850.5088728060155"
"12/11/2009 13:43:51.369"	"77828096"	"75707"	"3018752"	"6666.499485409091"	"6668.5217816279319"
"12/11/2009 13:43:52.369"	"77451264"	"75593"	"3018752"	"8772.5994702443168"	"8658.7339014996105"
"12/11/2009 13:43:53.369"	"77729792"	"75652"	"3018752"	"7171.3422558476359"	"7162.3418262976948"
"12/11/2009 13:43:54.369"	"77680640"	"75429"	"3018752"	"6704.5948651184644"	"6694.6429653632049"
"12/11/2009 13:43:55.369"	"77680640"	"75530"	"3018752"	"8357.4907923546598"	"8361.5512761600057"
"12/11/2009 13:43:56.369"	"78147584"	"75594"	"3018752"	"7008.3036378948809"	"6991.3849838414562"
"12/11/2009 13:43:57.369"	"78163968"	"75593"	"3018752"	"6886.7804109525259"	"6889.7681681807044"
"12/11/2009 13:43:58.369"	"78323712"	"75488"	"3018752"	"8125.7682126709296"	"8123.7503909146171"
"12/11/2009 13:43:59.369"	"78487552"	"75505"	"3018752"	"7125.8289505197999"	"7123.8539424958199"
"12/11/2009 13:44:00.369"	"78483456"	"75557"	"3018752"	"6426.0567034803871"	"6426.0567034803871"
"12/11/2009 13:44:01.369"	"78479360"	"75411"	"3018752"	"4906.1078557523606"	"4906.1078557523606"
"12/11/2009 13:44:02.369"	"78544896"	"75569"	"3018752"	"5018.713015582739"	"5018.713015582739"
"12/11/2009 13:44:03.369"	"79347712"	"74762"	"3018752"	"8128.4312828890006"	" "
"12/11/2009 13:44:04.369"	"71311360"	"74838"	"3018752"	"6211.1065858034972"	"6210.0969781009935"
"12/11/2009 13:44:05.369"	"71327744"	"74777"	"3018752"	"5416.0956914056451"	"5416.0956914056451"
"12/11/2009 13:44:06.369"	"71299072"	"74758"	"3018752"	"6112.7797410597332"	"6113.7838113194339"
"12/11/2009 13:44:07.369"	"71368704"	"74832"	"3018752"	"5681.4847056592344"	"5680.4933455640221"
"12/11/2009 13:44:08.369"	"71319552"	"74923"	"3018752"	"5958.0084893193598"	"5968.0880164540567"
"12/11/2009 13:44:09.369"	"71315456"	"74774"	"3018752"	"4868.6380630957956"	"4856.6488045780134"
"12/11/2009 13:44:10.369"	"71352320"	"74873"	"3018752"	"5409.0924119455785"	"5410.0876451400491"
"12/11/2009 13:44:11.369"	"72171520"	"74990"	"3018752"	"6874.4413285990959"	"6873.434379525037"
"12/11/2009 13:44:12.369"	"71262208"	"74589"	"3018752"	"6976.5836399779928"	" "
"12/11/2009 13:44:13.369"	"71270400"	"74442"	"3018752"	"478137.14983766864"	"478080.77856009762"
"12/11/2009 13:44:14.369"	"71307264"	"74753"	"3018752"	"230506.25627184351"	"230477.21832118265"
"12/11/2009 13:44:15.369"	"71315456"	"74659"	"3018752"	"7355.9915071132136"	"7354.9994651028146"
"12/11/2009 13:44:16.369"	"71462912"	"74779"	"3018752"	"10579.366006330019"	"10579.366006330019"
"12/11/2009 13:44:17.369"	"71426048"	"74808"	"3018752"	"4865.4451246840263"	"4864.4527842547614"
"12/11/2009 13:44:18.369"	"71413760"	"74747"	"3018752"	"5162.6621720042049"	"5163.6551826162467"
"12/11/2009 13:44:19.369"	"71405568"	"74684"	"3018752"	"7284.4611800192461"	"5902.1779581775318"
"12/11/2009 13:44:20.369"	"71417856"	"74741"	"3018752"	"6555.6695520573194"	"6554.6762687918563"
"12/11/2009 13:44:21.369"	"71421952"	"74766"	"3018752"	"4701.6998135105441"	"4702.6988997437593"
"12/11/2009 13:44:22.369"	"71442432"	"74787"	"3018752"	"5641.7917687439303"	"5283.8074908921017"
"12/11/2009 13:44:23.369"	"71446528"	"74727"	"3018752"	"6032.4780574761744"	"6026.525933097806"
"12/11/2009 13:44:24.369"	"71438336"	"74697"	"3018752"	"6232.0842071139332"	"6230.0657183019121"
"12/11/2009 13:44:25.369"	"71438336"	"74730"	"3018752"	"4695.631409069093"	"4755.6778465252191"
"12/11/2009 13:44:26.369"	"71491584"	"74675"	"3018752"	"5590.359954527964"	"5530.3668231969541"
"12/11/2009 13:44:27.369"	"71528448"	"74779"	"3018752"	"5319.3411224973806"	"5320.3355777455572"
"12/11/2009 13:44:28.369"	"71454720"	"74718"	"3018752"	"5940.8524611257808"	"5939.8445119467633"
"12/11/2009 13:44:29.369"	"71790592"	"74675"	"3018752"	"5399.6761519554393"	"5402.6676622889327"
"12/11/2009 13:44:30.369"	"71856128"	"74773"	"3018752"	"5365.5837555379694"	"5361.6297512966003"
"12/11/2009 13:44:31.369"	"71860224"	"74749"	"3018752"	"5690.2765740775749"	"5691.2905221485089"
"12/11/2009 13:44:32.369"	"71475200"	"74714"	"3018752"	"6941.554544555981"	"6874.875812730138"
"12/11/2009 13:44:33.369"	"71544832"	"74775"	"3018752"	"6537.9620878379665"	"6537.9620878379665"
"12/11/2009 13:44:34.369"	"71544832"	"74800"	"3018752"	"4787.8997332360923"	"4750.8385846733863"
"12/11/2009 13:44:35.369"	"71565312"	"74835"	"3018752"	"5848.8303543683232"	"5847.8334512910487"
"12/11/2009 13:44:36.369"	"71548928"	"74810"	"3018752"	"5815.645041909389"	"5815.645041909389"
"12/11/2009 13:44:37.369"	"71565312"	"74799"	"3018752"	"5118.7232093610364"	"5119.7150177720732"
"12/11/2009 13:44:38.369"	"71598080"	"74841"	"3018752"	"4758.5825478128181"	"4771.6860371416824"
"12/11/2009 13:44:39.369"	"71602176"	"74849"	"3018752"	"4558.0736972767536"	"4543.1552802007882"
"12/11/2009 13:44:40.369"	"71557120"	"74726"	"3018752"	"4480.9278931521267"	"4482.9472387551696"
"12/11/2009 13:44:41.369"	"71581696"	"74770"	"3018752"	"5744.6992488610413"	"5743.7089542137637"
"12/11/2009 13:44:42.369"	"71585792"	"74728"	"3018752"	"5486.8346161019736"	"5485.8339167373742"
"12/11/2009 13:44:43.369"	"71606272"	"74777"	"3018752"	"7090.0290705940934"	"7092.0464355309532"
"12/11/2009 13:44:44.369"	"71544832"	"74742"	"3018752"	"8122.5222691082035"	"6872.2918745727675"
"12/11/2009 13:44:45.369"	"71536640"	"74680"	"3018752"	"6979.8374736256055"	"6977.8254132411648"
"12/11/2009 13:44:46.369"	"71561216"	"74735"	"3018752"	"6554.7224784470127"	"6551.7134245165862"
"12/11/2009 13:44:47.369"	"71589888"	"74747"	"3018752"	"6369.235402960152"	"6370.2344987096367"
"12/11/2009 13:44:48.369"	"71766016"	"74805"	"3018752"	"7249.7268508490042"	"7248.7345531688989"
"12/11/2009 13:44:49.369"	"71782400"	"74737"	"3018752"	"5265.3999573129986"	"5265.3999573129986"
"12/11/2009 13:44:50.369"	"71815168"	"74693"	"3018752"	"4463.6301700746844"	"4462.6397928459128"
"12/11/2009 13:44:51.369"	"71860224"	"74826"	"3018752"	"4999.5770099024321"	"4999.5770099024321"
"12/11/2009 13:44:52.369"	"71925760"	"74865"	"3018752"	"4782.4047238796775"	"4782.4047238796775"
"12/11/2009 13:44:53.369"	"71929856"	"74793"	"3018752"	"4639.2588634565127"	"4640.2514306074445"
"12/11/2009 13:44:54.369"	"71950336"	"74718"	"3018752"	"4390.2383627220406"	"4388.2105389979197"
"12/11/2009 13:44:55.369"	"71954432"	"74754"	"3018752"	"5220.351625998398"	"5220.351625998398"
"12/11/2009 13:44:56.369"	"71974912"	"74765"	"3018752"	"4837.3725684335859"	"4791.072290000805"
"12/11/2009 13:44:57.369"	"72011776"	"74714"	"3018752"	"4753.6117201585903"	"4754.6107978635418"
"12/11/2009 13:44:58.369"	"72081408"	"74774"	"3018752"	"4389.688310516538"	"4396.6340198686212"
"12/11/2009 13:44:59.369"	"72069120"	"74666"	"3018752"	"5100.5055776668696"	"5092.4780260986354"
"12/11/2009 13:45:00.369"	"72118272"	"74729"	"3018752"	"4874.5758755263541"	"4875.5811499902693"
"12/11/2009 13:45:01.369"	"72171520"	"74824"	"3018752"	"4754.6389018074096"	"4753.6444155280105"
"12/11/2009 13:45:02.369"	"72179712"	"74745"	"3018752"	"4361.0085221547861"	"4361.0085221547861"
"12/11/2009 13:45:03.369"	"72196096"	"74740"	"3018752"	"4949.5944434702478"	"4948.5912828615183"
"12/11/2009 13:45:04.369"	"72220672"	"74842"	"3018752"	"4682.0900455366009"	"4678.0633071615966"
"12/11/2009 13:45:05.369"	"72261632"	"74743"	"3018752"	"4779.9556617195994"	"4780.9457105310576"
"12/11/2009 13:45:06.369"	"72273920"	"74762"	"3018752"	"4415.7164762740749"	"4414.7085519471466"
"12/11/2009 13:45:07.369"	"72310784"	"74769"	"3018752"	"5098.6375477319516"	"5098.6375477319516"
"12/11/2009 13:45:08.369"	"72318976"	"74741"	"3018752"	"4679.2375657664124"	"4685.2765903726922"
"12/11/2009 13:45:09.369"	"72355840"	"74767"	"3018752"	"4861.5106311914224"	"4854.5170893874065"
"12/11/2009 13:45:10.369"	"72380416"	"74673"	"3018752"	"4201.5970217083322"	"4200.6027961944401"
"12/11/2009 13:45:11.369"	"72396800"	"74744"	"3018752"	"4997.3554918330319"	"4998.3545633028107"
"12/11/2009 13:45:12.369"	"72437760"	"74744"	"3018752"	"4713.7921837794947"	"4712.7911661146445"
"12/11/2009 13:45:13.369"	"72454144"	"74761"	"3018752"	"4876.1484075369663"	"4877.1573354094135"
"12/11/2009 13:45:14.369"	"72523776"	"74786"	"3018752"	"4281.9471737297845"	"4280.9539129611157"
"12/11/2009 13:45:15.369"	"72491008"	"74653"	"3018752"	"5007.9292312414718"	"5006.9304420050858"
"12/11/2009 13:45:16.369"	"72540160"	"74661"	"3018752"	"4799.2686241466563"	"4800.2699320173315"
"12/11/2009 13:45:17.369"	"72564736"	"74693"	"3018752"	"4892.2545721115212"	"4892.2545721115212"
"12/11/2009 13:45:18.369"	"72605696"	"74824"	"3018752"	"4248.7189437647539"	"4258.8181093073372"
"12/11/2009 13:45:19.369"	"72630272"	"74744"	"3018752"	"4716.9218391470622"	"4705.9336688313879"
"12/11/2009 13:45:20.369"	"72687616"	"74808"	"3018752"	"4742.5571365003543"	"4742.5571365003543"
"12/11/2009 13:45:21.369"	"72691712"	"74734"	"3018752"	"4850.2337917037912"	"4850.2337917037912"
"12/11/2009 13:45:22.369"	"72736768"	"74826"	"3018752"	"4243.3479330815107"	"4242.3537091046874"
"12/11/2009 13:45:23.369"	"72765440"	"74832"	"3018752"	"4584.008694639635"	"4586.0245295977002"
"12/11/2009 13:45:24.369"	"71737344"	"74798"	"3018752"	"4855.4943911153996"	"4852.4971723554518"
"12/11/2009 13:45:25.369"	"71770112"	"74734"	"3018752"	"4892.798872052761"	"4892.798872052761"
"12/11/2009 13:45:26.369"	"71802880"	"74748"	"3018752"	"4278.2317106416058"	"4278.2317106416058"
"12/11/2009 13:45:27.369"	"71819264"	"74775"	"3018752"	"4710.6172230165002"	"4711.6114436207672"
"12/11/2009 13:45:28.369"	"71876608"	"74868"	"3018752"	"4742.6637242793267"	"4742.6637242793267"
"12/11/2009 13:45:29.369"	"71860224"	"74809"	"3018752"	"4945.3874685674527"	"4943.377556976895"
"12/11/2009 13:45:30.369"	"71888896"	"74687"	"3018752"	"4165.4623264862921"	"4165.4623264862921"
"12/11/2009 13:45:31.369"	"71917568"	"74716"	"3018752"	"4690.6253562583388"	"4689.6262880248432"
"12/11/2009 13:45:32.369"	"71933952"	"74790"	"3018752"	"4808.1141346872037"	"4808.1141346872037"
"12/11/2009 13:45:33.369"	"71974912"	"74506"	"3018752"	"420789.85064988479"	"421041.47545187915"
"12/11/2009 13:45:34.369"	"72036352"	"74805"	"3018752"	"235786.69264645409"	"235537.39961341021"
"12/11/2009 13:45:35.369"	"72040448"	"74869"	"3018752"	"4940.3589688526681"	"4944.3616903182165"
"12/11/2009 13:45:36.369"	"72044544"	"74736"	"3018752"	"5675.9318725739595"	"5672.9095446332913"
"12/11/2009 13:45:37.369"	"72093696"	"74848"	"3018752"	"4360.225375029755"	"4372.2259953280018"
"12/11/2009 13:45:38.369"	"72110080"	"74787"	"3018752"	"4887.5708280499794"	"4874.5639865423746"
"12/11/2009 13:45:39.369"	"72134656"	"74815"	"3018752"	"5046.7909642704917"	"5100.8208437452349"
"12/11/2009 13:45:40.369"	"72204288"	"74937"	"3018752"	"5341.9580923220528"	"5287.2758486820539"
"12/11/2009 13:45:41.369"	"72175616"	"74791"	"3018752"	"4407.6279928520444"	"4410.6223053471876"
"12/11/2009 13:45:42.369"	"72241152"	"74855"	"3018752"	"4635.2791414276753"	"4632.2731238262313"
"12/11/2009 13:45:43.369"	"72265728"	"74896"	"3018752"	"4999.0859890046795"	"5000.0792506754533"
"12/11/2009 13:45:44.369"	"72290304"	"74928"	"3018752"	"5207.4249348126932"	"5205.3971213645573"
"12/11/2009 13:45:45.369"	"72286208"	"74836"	"3018752"	"4512.2249434998748"	"4513.220140884855"
"12/11/2009 13:45:46.369"	"71852032"	"75012"	"3018752"	"4635.0178185591267"	"4625.0948517028664"
"12/11/2009 13:45:47.369"	"71815168"	"74804"	"3018752"	"5078.3085046987153"	"5079.3075817210838"
"12/11/2009 13:45:48.369"	"71839744"	"74835"	"3018752"	"5175.8989161908767"	"5174.8893786609005"
"12/11/2009 13:45:49.369"	"71905280"	"75025"	"3018752"	"4477.4994306489034"	"4477.4994306489034"
"12/11/2009 13:45:50.369"	"71897088"	"74912"	"3018752"	"4531.6707660627644"	"4530.676542551123"
"12/11/2009 13:45:51.369"	"71933952"	"74974"	"3018752"	"5040.3931771164662"	"5041.4040862975962"
"12/11/2009 13:45:52.369"	"71938048"	"74842"	"3018752"	"4928.194131958091"	"4930.1745193930756"
"12/11/2009 13:45:53.369"	"71983104"	"74945"	"3018752"	"4734.1099402931241"	"4732.0937094838"
"12/11/2009 13:45:54.369"	"72011776"	"74916"	"3018752"	"4552.7374140407801"	"4550.7379685361502"
"12/11/2009 13:45:55.369"	"72048640"	"74980"	"3018752"	"5066.2879712807735"	"5067.2815558995771"
"12/11/2009 13:45:56.369"	"72073216"	"74924"	"3018752"	"4958.6246928029295"	"4957.625976852717"
"12/11/2009 13:45:57.369"	"72105984"	"74937"	"3018752"	"4613.9387950106775"	"4613.9387950106775"
"12/11/2009 13:45:58.369"	"72114176"	"74886"	"3018752"	"4493.5275728792649"	"4493.5275728792649"
"12/11/2009 13:45:59.369"	"72130560"	"74891"	"3018752"	"5154.870835644404"	"5153.8712485131955"
"12/11/2009 13:46:00.369"	"72175616"	"74951"	"3018752"	"4964.5253277893307"	"4965.5258367227825"
"12/11/2009 13:46:01.369"	"72187904"	"74858"	"3018752"	"4676.6775833783186"	"4683.6711196063998"
"12/11/2009 13:46:02.369"	"72212480"	"74813"	"3018752"	"4530.6617563863338"	"4522.7079942509181"
"12/11/2009 13:46:03.369"	"72261632"	"74946"	"3018752"	"5104.1418959783414"	"5105.1498228930295"
"12/11/2009 13:46:04.369"	"72253440"	"74882"	"3018752"	"5109.2498782761313"	"5106.2585141787804"
"12/11/2009 13:46:05.369"	"72306688"	"74916"	"3018752"	"4731.1727020564285"	"4732.1679003530326"
"12/11/2009 13:46:06.369"	"72310784"	"74921"	"3018752"	"4353.7413153598236"	"4353.7413153598236"
"12/11/2009 13:46:07.369"	"72339456"	"74815"	"3018752"	"4970.3760537373564"	"4981.3658299365743"
"12/11/2009 13:46:08.369"	"71839744"	"74853"	"3018752"	"4827.9477385523414"	"4816.0170604504819"
"12/11/2009 13:46:09.369"	"71876608"	"74908"	"3018752"	"4736.6391380988916"	"4735.6400579178962"
"12/11/2009 13:46:10.369"	"71913472"	"74958"	"3018752"	"4404.9235747412376"	"4416.0216414664219"
"12/11/2009 13:46:11.369"	"71917568"	"74949"	"3018752"	"4983.7360639254066"	"4973.7205171731448"
"12/11/2009 13:46:12.369"	"71950336"	"74957"	"3018752"	"4803.8641655976453"	"4801.8786875378819"
"12/11/2009 13:46:13.369"	"71974912"	"74931"	"3018752"	"4599.1735153466152"	"4600.1814429195601"
